unique_id,actual_total,naive_pred,ridge_pred
02MRUH_6.0,0,0,0.0
02MRUH_8.0,0,0,1.2191559905381304
02MRUH_9.0,2,2,2.0285189951412317
02MRUH_10.0,1,1,1.6742450022951618
02MRUH_11.0,2,1,1.610331886489877
02MRUH_12.0,0,2,1.907684657809603
02MRUH_13.0,0,1,0.0
02MRUH_14.0,0,0,2.1058675154579314
02MRUH_65.0,0,0,0.0
02MRUH_85.0,0,0,1.63504325473493
02MRUH_95.0,0,0,1.7924732608252385
02MRUH_105.0,1,2,0.526984375345072
02MRUH_115.0,0,0,2.8256091931418803
05W6TK_4.0,2,1,3.6517086779537076
05W6TK_5.0,10,1,6.631614397971543
05W6TK_6.0,6,2,8.04213891122706
05W6TK_7.0,10,3,11.945840382793989
05W6TK_8.0,27,1,16.03804400050314
05W6TK_9.0,27,22,25.365139008759527
05W6TK_10.0,37,17,26.894822750437275
05W6TK_11.0,18,27,22.9395437336753
05W6TK_12.0,21,34,17.986604810568043
05W6TK_13.0,3,9,14.981578815159065
05W6TK_14.0,5,0,4.918848004904535
05W6TK_45.0,0,0,4.9526860741687
05W6TK_55.0,1,1,4.029216612001548
05W6TK_65.0,2,5,2.859325103646766
05W6TK_75.0,7,5,13.170381351632717
05W6TK_85.0,21,6,24.31263829472648
05W6TK_95.0,27,31,25.562437931537403
05W6TK_105.0,42,27,20.692795865909932
05W6TK_115.0,8,17,17.125418010744582
05W6TK_125.0,3,3,9.786841130691993
066BOU_6.0,0,0,0.7166607717136912
066BOU_8.0,0,0,1.1744020882705843
066BOU_9.0,0,0,0.610046064616272
066BOU_10.0,0,0,2.313837199491798
066BOU_11.0,0,0,0.26657330510477895
066BOU_12.0,0,0,0.4687402523505648
066BOU_13.0,0,0,3.0788064219754423
066BOU_14.0,0,0,0.569857264265603
066BOU_75.0,0,0,0.7912164683884022
066BOU_95.0,0,0,2.7048928629279048
066BOU_105.0,0,0,2.5609712064395156
0LNUOV_7.0,7,8,3.541601891582985
0LNUOV_8.0,6,16,9.57969105568736
0LNUOV_9.0,16,15,10.694204877075748
0LNUOV_10.0,13,23,14.113974380529704
0LNUOV_11.0,17,18,17.67517358553061
0LNUOV_12.0,15,14,11.971038405326563
0LNUOV_13.0,7,3,6.615930608270701
0LNUOV_75.0,4,7,4.334796379907342
0LNUOV_85.0,9,11,10.160484055783305
0LNUOV_95.0,18,11,14.116983115583732
0LNUOV_105.0,17,14,12.138636041548935
0SJH1Z_7.0,0,0,0.0
0SJH1Z_8.0,1,0,0.6892365905046507
0SJH1Z_9.0,1,2,0.5149620421865126
0SJH1Z_10.0,0,1,1.0384916512795317
0SJH1Z_11.0,3,3,1.2970828070116691
0SJH1Z_12.0,1,0,1.5636083552762878
0SJH1Z_13.0,1,0,0.17728026089476945
0SJH1Z_85.0,0,0,1.376399055034336
0SJH1Z_95.0,0,0,2.343308727186129
0SJH1Z_105.0,0,1,0.0
0SJH1Z_115.0,0,0,1.844205603460229
122OKQ_9.0,0,0,2.385114826825408
122OKQ_10.0,0,1,0.0
122OKQ_11.0,0,0,0.0
122OKQ_12.0,0,1,1.0239813230052652
122OKQ_65.0,0,0,0.0
122OKQ_85.0,0,0,1.9673603682845617
122OKQ_95.0,0,0,0.0
122OKQ_105.0,0,0,0.014342283288580226
1A6YTA_5.0,0,0,2.7356374934301617
1A6YTA_6.0,0,0,0.9930707774776177
1A6YTA_8.0,0,0,2.6780871057698246
1A6YTA_9.0,1,1,0.7080431826139417
1A6YTA_10.0,0,0,1.4215757448622468
1A6YTA_11.0,0,0,1.4057467601631841
1A6YTA_13.0,0,0,1.0877798580836364
1A6YTA_75.0,0,0,0.0
1A6YTA_95.0,0,0,2.4666235955971456
1A6YTA_105.0,0,0,0.0
1D2ILZ_4.0,0,0,1.6725626361405301
1D2ILZ_5.0,0,2,0.0
1D2ILZ_6.0,2,3,3.1539127473291035
1D2ILZ_7.0,0,0,1.0879644034333023
1D2ILZ_8.0,0,0,1.7459156396666273
1D2ILZ_9.0,2,1,1.0690272606484612
1D2ILZ_10.0,0,1,1.953922235481293
1D2ILZ_11.0,1,4,1.5097693498547708
1D2ILZ_12.0,0,1,1.2212110474120523
1D2ILZ_13.0,0,2,1.1042237770757781
1D2ILZ_14.0,0,0,0.0
1D2ILZ_55.0,0,0,1.0234941743800103
1D2ILZ_75.0,2,0,3.080461394461997
1D2ILZ_85.0,1,1,0.4625550542502008
1D2ILZ_95.0,2,1,1.6053723277815455
1D2ILZ_105.0,1,1,1.4020950646653345
1D2ILZ_115.0,1,1,2.146195052721896
1D2ILZ_125.0,0,0,0.0
1ENECA_7.0,5,5,5.972964983799951
1ENECA_8.0,15,14,11.120697370453154
1ENECA_9.0,19,18,12.744251716623996
1ENECA_10.0,21,26,17.6753666242384
1ENECA_11.0,17,19,13.71352666537307
1ENECA_12.0,22,18,10.794466996436771
1ENECA_13.0,6,4,6.62259020725904
1ENECA_14.0,0,1,2.161280999365043
1ENECA_75.0,2,4,4.431423394971347
1ENECA_85.0,16,10,14.429075217770894
1ENECA_95.0,21,26,20.153302892047417
1ENECA_105.0,15,13,12.498533398474489
1JT1XB_8.0,9,3,4.485113887600685
1JT1XB_9.0,7,14,6.34326320891685
1JT1XB_10.0,12,10,8.303114212400631
1JT1XB_11.0,12,13,8.295212020845854
1JT1XB_12.0,6,12,4.1247314183363
1JT1XB_13.0,5,1,4.054606591097728
1JT1XB_85.0,9,3,5.760629774978629
1JT1XB_95.0,11,7,9.770209853668291
1JT1XB_105.0,15,9,13.42884462723105
2LPO6D_7.0,2,1,1.382307571502535
2LPO6D_8.0,3,1,1.905721697531888
2LPO6D_9.0,4,2,5.7115859682636145
2LPO6D_10.0,8,3,6.219949460969781
2LPO6D_11.0,5,2,6.678293435959757
2LPO6D_12.0,4,4,6.022567916665165
2LPO6D_13.0,2,1,0.0
2LPO6D_14.0,1,0,0.0
2LPO6D_75.0,2,0,0.9125929455852972
2LPO6D_85.0,2,1,2.863088840395435
2LPO6D_95.0,4,3,6.260896029302382
2LPO6D_105.0,3,2,6.4682061347714965
2OAVPY_5.0,0,0,0.0
2OAVPY_6.0,3,1,0.0
2OAVPY_7.0,1,2,2.0986536357139034
2OAVPY_8.0,5,4,2.923257651187697
2OAVPY_9.0,14,11,4.545547651128075
2OAVPY_10.0,17,15,5.582848373213487
2OAVPY_11.0,18,11,6.177534514637429
2OAVPY_12.0,15,9,4.93275956740301
2OAVPY_13.0,1,5,3.442701322881379
2OAVPY_14.0,3,2,0.6137941695870017
2OAVPY_15.0,3,0,0.0
2OAVPY_75.0,1,1,1.934786820972608
2OAVPY_85.0,6,5,3.528226712485934
2OAVPY_95.0,13,6,4.523386431176552
2OAVPY_105.0,12,9,3.699814225443272
2T1DJM_5.0,1,4,2.649591171084032
2T1DJM_6.0,3,5,4.347190784178309
2T1DJM_7.0,8,9,9.015939027263943
2T1DJM_8.0,22,26,17.977136793071132
2T1DJM_9.0,38,44,30.778109198574008
2T1DJM_10.0,53,48,32.93537900620153
2T1DJM_11.0,51,42,37.590190761364255
2T1DJM_12.0,42,33,28.224142516313574
2T1DJM_13.0,24,12,8.151503087465517
2T1DJM_14.0,4,5,2.4285982345095354
2T1DJM_15.0,2,0,1.4704894638349875
2T1DJM_75.0,8,5,5.598316138878115
2T1DJM_85.0,27,25,18.49095086540986
2T1DJM_95.0,46,35,32.3968112790731
2T1DJM_105.0,47,41,31.46948253872109
2Z7ZEP_4.0,0,0,0.0
2Z7ZEP_5.0,0,0,0.9703072425777766
2Z7ZEP_6.0,0,0,1.0836171265894738
2Z7ZEP_7.0,4,2,0.1779409980149893
2Z7ZEP_8.0,2,2,1.5851037373113464
2Z7ZEP_9.0,2,2,3.26363872701703
2Z7ZEP_10.0,5,2,3.8141201856593887
2Z7ZEP_11.0,1,1,2.4863309896682337
2Z7ZEP_12.0,1,1,1.0365715179247497
2Z7ZEP_13.0,0,2,0.0
2Z7ZEP_65.0,0,1,0.0
2Z7ZEP_75.0,1,1,1.9257341885027568
2Z7ZEP_85.0,2,1,2.0163529602338746
2Z7ZEP_95.0,2,0,2.717066364047453
2Z7ZEP_105.0,1,1,2.2848838647860275
2Z7ZEP_115.0,0,0,0.6424699001711032
2Z7ZEP_125.0,0,1,0.0
32ZKOX_5.0,0,0,2.1241742125612153
32ZKOX_6.0,1,1,2.085685563137855
32ZKOX_7.0,9,1,3.161130580391495
32ZKOX_8.0,10,4,18.7492445143515
32ZKOX_9.0,20,8,28.827140290291542
32ZKOX_10.0,19,19,22.886518615295145
32ZKOX_11.0,5,25,29.115618341868174
32ZKOX_12.0,7,13,28.89184571197591
32ZKOX_13.0,5,5,11.964410284247496
32ZKOX_14.0,2,0,2.1128138779659595
32ZKOX_15.0,3,0,1.5517434610800653
32ZKOX_16.0,1,0,1.5512143003035477
32ZKOX_65.0,2,0,4.276628282922676
32ZKOX_75.0,7,0,2.5415763470368855
32ZKOX_85.0,16,0,3.640989785891257
32ZKOX_95.0,19,12,23.750527908053773
32ZKOX_105.0,32,3,19.279143726455718
37VA62_5.0,0,1,2.4517810386450347
37VA62_6.0,1,3,2.9885319555370313
37VA62_7.0,0,2,3.635120314228068
37VA62_8.0,1,7,20.840005190568366
37VA62_9.0,10,6,15.625140717271542
37VA62_10.0,18,4,13.986007884281147
37VA62_11.0,11,12,20.838488269115626
37VA62_12.0,8,9,5.561169294057016
37VA62_13.0,4,6,9.53273370153007
37VA62_14.0,1,4,6.895516541676851
37VA62_15.0,2,0,3.181748616082575
37VA62_65.0,0,1,3.0298373768217477
37VA62_75.0,0,3,3.2527945479002476
37VA62_85.0,2,3,14.1583908750778
37VA62_95.0,6,11,15.678728555642994
37VA62_105.0,7,18,18.96980319746284
3LQL9L_4.0,0,0,1.711910506073386
3LQL9L_5.0,0,0,1.8605117937112117
3LQL9L_6.0,0,0,1.8246026926977952
3LQL9L_7.0,1,0,1.8136859970442192
3LQL9L_8.0,1,1,2.9700518676194747
3LQL9L_9.0,3,3,3.7861205001982423
3LQL9L_10.0,1,4,3.5012473435807627
3LQL9L_11.0,2,3,2.328447688648273
3LQL9L_12.0,0,0,1.2503271999407124
3LQL9L_13.0,0,0,1.2111490774124993
3LQL9L_45.0,0,0,2.673872660119796
3LQL9L_55.0,0,0,2.7101610542382875
3LQL9L_65.0,0,0,2.038704217996896
3LQL9L_75.0,0,1,2.9549250847286608
3LQL9L_85.0,1,3,2.1917110010043612
3LQL9L_95.0,1,2,2.1527509935676137
3LQL9L_105.0,0,0,3.846998990511506
3LQL9L_115.0,0,0,1.7253373199115964
3LQL9L_125.0,0,0,3.258252477307013
4E0KXI_5.0,1,0,1.1147612658036619
4E0KXI_6.0,1,1,0.44535014582393906
4E0KXI_7.0,2,1,1.8891436017000167
4E0KXI_8.0,3,5,2.47721935756417
4E0KXI_9.0,3,5,2.861584414886476
4E0KXI_10.0,0,13,5.6296162849787805
4E0KXI_11.0,0,6,2.1337372869156783
4E0KXI_12.0,4,1,1.9924732203170317
4E0KXI_13.0,0,2,1.2501731523135762
4E0KXI_14.0,0,1,0.0
4E0KXI_15.0,0,1,0.0
4E0KXI_16.0,0,0,0.4048563924783446
4E0KXI_65.0,2,2,2.2764015980853003
4E0KXI_75.0,0,0,1.895529252852283
4E0KXI_85.0,0,2,3.5048211736734403
4E0KXI_95.0,6,3,2.6698147218903583
4E0KXI_105.0,2,2,4.549954382088891
4ILN0A_9.0,0,0,2.22016499092401
4SD17H_7.0,2,0,1.5075267583517604
4SD17H_8.0,1,0,0.39916785747955075
4SD17H_9.0,4,1,3.995779994522211
4SD17H_10.0,1,0,5.781049322332953
4SD17H_11.0,2,3,5.357574660948748
4SD17H_12.0,1,3,4.160771016699823
4SD17H_13.0,1,0,1.6740526853144972
4SD17H_85.0,0,0,0.9445128049973306
4SD17H_95.0,1,0,4.490244862283695
4SD17H_105.0,3,0,1.7092689887733075
56TC1Z_5.0,1,1,1.8756655757949834
56TC1Z_6.0,1,2,3.3958108659648296
56TC1Z_7.0,5,4,3.4025647482648367
56TC1Z_8.0,8,7,8.36151240485842
56TC1Z_9.0,22,11,15.815386767415344
56TC1Z_10.0,19,26,19.162312604327653
56TC1Z_11.0,21,14,14.7634322202289
56TC1Z_12.0,14,18,14.577752975647904
56TC1Z_13.0,5,9,9.03052550378069
56TC1Z_14.0,1,2,2.5765334563675806
56TC1Z_15.0,1,3,0.0
56TC1Z_75.0,1,2,2.628683280733455
56TC1Z_85.0,5,7,7.331520976112364
56TC1Z_95.0,7,10,12.47095274786842
56TC1Z_105.0,14,20,16.524392960994902
5HQR89_6.0,0,1,0.9427049240274812
5HQR89_7.0,0,1,1.7723252102562608
5HQR89_8.0,1,5,3.544516229824012
5HQR89_9.0,7,7,6.5152645570913705
5HQR89_10.0,6,7,6.556248693981516
5HQR89_11.0,2,6,6.572083184817476
5HQR89_12.0,0,0,4.371001991241999
5HQR89_13.0,2,1,3.0067448756971205
5HQR89_14.0,0,2,1.5233223154310922
5HQR89_15.0,0,0,1.8700628550993526
5HQR89_75.0,0,0,1.2448262751310875
5HQR89_85.0,3,4,3.8983861421539867
5HQR89_95.0,5,7,5.410470969202987
5HQR89_105.0,7,3,4.445354238680394
5IXVJ1_8.0,0,0,2.4880804860493235
5IXVJ1_9.0,0,0,2.3326824347713018
5IXVJ1_10.0,0,0,2.2580454842574045
5IXVJ1_11.0,0,0,2.498967004284871
5MNTT7_5.0,0,0,0.0
5MNTT7_6.0,1,2,0.0
5MNTT7_7.0,1,2,1.5120105506917838
5MNTT7_8.0,1,2,1.7802018387803322
5MNTT7_9.0,3,0,5.4241831782816945
5MNTT7_10.0,5,11,12.839270179919072
5MNTT7_11.0,5,2,4.315935099154142
5MNTT7_12.0,5,3,4.3733170097385745
5MNTT7_13.0,1,0,1.0788036764526767
5MNTT7_14.0,0,0,0.0
5MNTT7_15.0,0,0,0.0
5MNTT7_16.0,0,1,0.0
5MNTT7_65.0,0,1,0.038582016654086004
5MNTT7_75.0,0,1,0.33688305855967293
5MNTT7_85.0,2,0,1.6141768964143357
5MNTT7_95.0,1,2,5.396815386991581
5MNTT7_105.0,3,3,5.746605488885272
5P2MVG_7.0,1,1,2.489220297041152
5P2MVG_8.0,5,7,6.452125944401796
5P2MVG_9.0,11,10,8.356092545962955
5P2MVG_10.0,3,4,7.189390267402089
5P2MVG_11.0,4,6,7.330883583223617
5P2MVG_12.0,2,3,3.6774356487669158
5P2MVG_13.0,1,1,2.540553375221136
5P2MVG_75.0,2,0,4.606084012759624
5P2MVG_85.0,5,2,6.5396954882200244
5P2MVG_95.0,5,4,6.377509937423465
5P2MVG_105.0,5,7,7.807957641904511
5P4LRT_8.0,0,0,1.6841423640689026
5P4LRT_9.0,0,0,0.0
5P4LRT_10.0,0,1,0.6830670790981817
5P4LRT_11.0,0,0,0.0
5P4LRT_13.0,0,0,2.455467573133265
5P4LRT_85.0,0,1,0.0
5P4LRT_95.0,0,0,1.780097060136733
5P4LRT_115.0,0,1,0.0
5X8RAN_5.0,0,0,0.6970870570782157
5X8RAN_6.0,0,0,1.624684237096535
5X8RAN_8.0,0,2,0.34287249355467253
5X8RAN_9.0,0,0,1.76196440476299
5X8RAN_10.0,1,0,1.6946678394182935
5X8RAN_11.0,0,1,0.0
5X8RAN_12.0,1,1,0.42887576847695197
5X8RAN_13.0,0,0,1.7933058703941436
5X8RAN_85.0,0,0,2.054582308047284
5X8RAN_95.0,0,1,0.6149691476371748
5X8RAN_105.0,0,0,0.8225522851969549
5X8RAN_115.0,0,0,1.1936119933359874
63KAC1_8.0,0,0,0.0
63KAC1_9.0,0,0,0.0
63KAC1_10.0,0,0,0.0
63KAC1_95.0,0,0,2.0467493853377285
69L9MX_7.0,0,0,0.13272711774508394
69L9MX_8.0,0,0,0.7206990505263704
69L9MX_9.0,0,0,1.2153024638656529
69L9MX_10.0,0,1,0.27050652628999217
69L9MX_11.0,0,0,1.108399621879078
69L9MX_12.0,0,0,0.5737226711235559
69L9MX_13.0,0,0,1.434790489456275
69L9MX_14.0,0,1,0.0
69L9MX_75.0,0,0,0.0
69L9MX_85.0,1,2,2.658173882739446
69L9MX_95.0,4,5,1.346618278997664
69L9MX_105.0,3,3,3.0623589058824026
6M2FJM_5.0,1,1,5.681795346286731
6M2FJM_6.0,1,2,2.411776859134442
6M2FJM_7.0,6,5,8.718217384999758
6M2FJM_8.0,8,6,8.597582541142188
6M2FJM_9.0,6,76,33.7077966942858
6M2FJM_10.0,30,42,30.605057872054257
6M2FJM_11.0,25,46,31.324154580403274
6M2FJM_12.0,22,42,8.85903179900707
6M2FJM_13.0,13,9,15.535851042982035
6M2FJM_14.0,5,4,2.6560441093612033
6M2FJM_15.0,1,1,0.0
6M2FJM_16.0,0,3,1.6858838141397965
6M2FJM_65.0,7,1,2.7709658176038072
6M2FJM_75.0,10,9,9.585955747875605
6M2FJM_85.0,13,5,21.26144747733819
6M2FJM_95.0,43,53,18.42693932312594
6M2FJM_105.0,22,63,20.918659842130932
6MKIC6_10.0,0,0,0.0
6MKIC6_75.0,0,1,0.0
6N3PKW_7.0,0,0,1.9480484968190925
6N3PKW_8.0,1,1,0.8934111534789562
6N3PKW_9.0,2,3,1.1337003815912539
6N3PKW_10.0,0,0,0.8997763108431194
6N3PKW_11.0,2,0,1.171832560759103
6N3PKW_12.0,1,0,0.8907092651122079
6N3PKW_13.0,0,0,0.9808017962185778
6N3PKW_95.0,1,0,0.8797400831143039
6N3PKW_105.0,1,1,1.1291648142186395
6N3PKW_115.0,1,0,0.0
6N3PKW_125.0,0,0,2.4153259690056834
6NDM0O_6.0,0,0,1.4517845840581178
6NDM0O_7.0,1,2,2.0836145583386436
6NDM0O_8.0,4,3,3.648256488767231
6NDM0O_9.0,0,0,1.053956570916169
6NDM0O_10.0,0,0,2.9998195977968964
6NDM0O_11.0,0,3,2.194058071426191
6NDM0O_12.0,0,2,1.417347181331178
6NDM0O_13.0,0,2,2.1241378033337304
6NDM0O_14.0,0,2,2.963812641760426
6NDM0O_15.0,0,2,0.0
6NDM0O_16.0,0,1,0.5310861143160013
6NDM0O_65.0,0,0,0.0
6NDM0O_75.0,1,0,1.6134311590879484
6NDM0O_85.0,1,1,2.3731831255429126
6NDM0O_95.0,0,3,2.093124217359606
6NDM0O_105.0,0,5,1.3384412308655635
6WT73N_6.0,0,1,0.0
6WT73N_8.0,1,0,1.788079334274629
6WT73N_9.0,3,0,0.7955729619538552
6WT73N_10.0,2,0,0.36043203253994704
6WT73N_11.0,1,1,0.9302539229295297
6WT73N_12.0,0,0,1.6224535792638788
6WT73N_13.0,2,0,2.500418597303594
6WT73N_14.0,0,0,0.0
6WT73N_75.0,1,0,0.0
6WT73N_85.0,1,1,1.4353986562689571
6WT73N_95.0,3,2,1.8515690381366476
6WT73N_105.0,2,0,1.4854711510792766
70EPUK_5.0,0,0,0.2797756048961286
70EPUK_6.0,0,0,2.150624712319987
70EPUK_7.0,1,1,1.0617695818247626
70EPUK_8.0,1,3,1.7844044081557229
70EPUK_9.0,7,1,3.7822471285804173
70EPUK_10.0,0,1,2.9820627773443316
70EPUK_11.0,0,4,8.552650535884124
70EPUK_12.0,2,2,2.087281120588334
70EPUK_13.0,2,4,1.4807278471389695
70EPUK_16.0,0,0,0.7055513311963866
70EPUK_65.0,0,0,1.7682700814492964
70EPUK_75.0,1,0,0.15821158889775333
70EPUK_85.0,7,0,2.4356928121662667
70EPUK_95.0,1,1,2.511409475741518
70EPUK_105.0,0,0,6.888676635344706
7BU1V7_5.0,0,0,0.0
7BU1V7_6.0,3,1,0.04811132506974758
7BU1V7_7.0,0,2,3.3717791513026647
7BU1V7_8.0,8,13,11.430130313762195
7BU1V7_9.0,20,22,22.015648660572424
7BU1V7_10.0,38,39,23.68448935317625
7BU1V7_11.0,33,32,20.60455582662293
7BU1V7_12.0,18,17,16.031539856348587
7BU1V7_13.0,10,10,8.44882145451296
7BU1V7_14.0,0,3,2.687479616749937
7BU1V7_15.0,0,0,0.03364080378836665
7BU1V7_75.0,2,6,3.686286971095523
7BU1V7_85.0,10,12,9.27336027482645
7BU1V7_95.0,18,24,21.018117877910882
7BU1V7_105.0,30,27,21.975178307040927
7GC57K_10.0,0,0,2.7979619299042002
800OVF_5.0,0,2,1.5371104947050722
800OVF_6.0,0,1,2.0943398545683007
800OVF_7.0,6,2,2.253116169740359
800OVF_8.0,4,0,4.335291218091715
800OVF_9.0,1,4,6.9609919234830855
800OVF_10.0,10,5,4.633940669191539
800OVF_11.0,7,13,7.8439757263708465
800OVF_12.0,4,5,5.927061777146107
800OVF_13.0,1,5,5.109073411683581
800OVF_14.0,0,1,0.0
800OVF_15.0,0,0,0.7149168019904009
800OVF_65.0,0,1,1.5630105466012747
800OVF_75.0,3,0,3.290702073056039
800OVF_85.0,6,2,5.351715191323918
800OVF_95.0,0,4,7.465173736572588
800OVF_105.0,1,5,8.181712402070428
84ABYS_5.0,0,1,0.8391895869341148
84ABYS_6.0,0,0,1.6234521733164304
84ABYS_7.0,0,3,0.39514440455757693
84ABYS_8.0,0,3,1.021787836976264
84ABYS_9.0,0,3,1.5390987244408088
84ABYS_10.0,0,0,2.2196273454137407
84ABYS_11.0,0,0,0.8758685916118187
84ABYS_12.0,0,0,1.5656904625923014
84ABYS_13.0,0,0,2.988001279773049
84ABYS_14.0,0,0,0.36474223949927076
84ABYS_65.0,0,0,0.0
84ABYS_75.0,0,0,0.7360853961262883
84ABYS_85.0,2,0,2.2456165561032937
84ABYS_95.0,2,2,1.6737201643488757
84ABYS_105.0,0,0,2.0725977987997224
8BSFSA_6.0,1,0,2.8882247334850306
8BSFSA_8.0,0,0,1.11674422452705
8BSFSA_9.0,1,0,3.0213525880603367
8BSFSA_13.0,0,0,1.1564399039400959
8BSFSA_14.0,0,0,1.3443033309107344
8BSFSA_35.0,0,0,1.2566282201647416
8BSFSA_45.0,0,0,1.4567973526780587
8BSFSA_55.0,1,0,1.4075040324260715
8BSFSA_65.0,0,0,1.3923656618987188
8BSFSA_75.0,0,0,4.573562942000217
8BSFSA_85.0,1,0,1.58239098617222
8BSFSA_95.0,2,0,4.724438754261548
8BSFSA_105.0,1,0,4.84591626799399
8BSFSA_115.0,1,0,2.8564324502940766
8BSFSA_125.0,1,0,1.433144129397014
8D9SAW_4.0,4,3,2.4259787535613158
8D9SAW_5.0,2,5,5.701661705036549
8D9SAW_6.0,25,44,24.303802280864204
8D9SAW_7.0,11,16,13.836824323619084
8D9SAW_8.0,18,27,26.78762795470319
8D9SAW_9.0,37,31,23.510357650604153
8D9SAW_10.0,37,29,25.23698534931342
8D9SAW_11.0,28,22,22.511241994579205
8D9SAW_12.0,26,27,18.059984504961562
8D9SAW_13.0,16,7,11.98538599710519
8D9SAW_14.0,3,0,3.0095293375910783
8D9SAW_55.0,16,12,14.865987042945122
8D9SAW_65.0,25,0,2.7074516649457827
8D9SAW_75.0,8,10,12.438047216949927
8D9SAW_85.0,20,28,21.598971890009096
8D9SAW_95.0,27,24,23.6348897188718
8D9SAW_105.0,21,33,23.96222969746047
8E9F1P_5.0,0,0,1.811142125477311
8E9F1P_6.0,0,0,1.2529095130281438
8E9F1P_7.0,4,0,2.480025986706398
8E9F1P_8.0,7,2,4.734897677301332
8E9F1P_9.0,9,9,4.953515068633498
8E9F1P_10.0,6,12,5.731521312058396
8E9F1P_11.0,8,6,6.105596635428634
8E9F1P_12.0,8,9,4.7344908950426445
8E9F1P_13.0,0,0,3.1718736133845455
8E9F1P_14.0,2,1,1.7992578409790871
8E9F1P_15.0,0,0,1.919246863037149
8E9F1P_75.0,1,2,0.8196379402950384
8E9F1P_85.0,5,2,2.089682328262905
8E9F1P_95.0,13,4,3.8762285702873727
8E9F1P_105.0,8,7,4.641084794927697
8N10W9_5.0,4,7,7.916877276161065
8N10W9_6.0,16,12,13.83409770995124
8N10W9_7.0,35,40,24.316016583208256
8N10W9_8.0,71,74,47.96382705776274
8N10W9_9.0,116,123,67.662801571061
8N10W9_10.0,174,155,85.50282348531053
8N10W9_11.0,148,176,95.22164410325256
8N10W9_12.0,126,130,69.73887234714503
8N10W9_13.0,77,76,46.905189774704716
8N10W9_14.0,3,18,12.006704148791574
8N10W9_15.0,11,7,6.36446645041421
8N10W9_75.0,25,25,20.58974724318605
8N10W9_85.0,61,69,43.334800073549076
8N10W9_95.0,108,105,68.68096935367159
8N10W9_105.0,125,133,76.37665172101507
9KHDG3_4.0,0,0,0.0
9KHDG3_5.0,0,1,0.9800711756895062
9KHDG3_6.0,1,0,2.5209189895561246
9KHDG3_7.0,3,4,3.132384948607287
9KHDG3_8.0,4,3,2.566217448133088
9KHDG3_9.0,9,1,7.44122688881461
9KHDG3_10.0,8,3,2.2946540500225683
9KHDG3_11.0,7,3,1.8526330490423653
9KHDG3_12.0,2,3,3.2998856654817574
9KHDG3_13.0,1,1,1.893938073745331
9KHDG3_55.0,0,0,2.6987321207367336
9KHDG3_65.0,2,0,1.783911134177366
9KHDG3_75.0,1,0,1.7563567576474384
9KHDG3_85.0,4,7,4.058256001730022
9KHDG3_95.0,8,3,4.129817285531837
9KHDG3_105.0,4,3,5.24706934553823
9KHDG3_115.0,5,2,1.5294862934484987
9KHDG3_125.0,0,0,2.963731382569804
9KZ6W1_7.0,0,0,0.0
9KZ6W1_8.0,0,0,1.159518766994541
9KZ6W1_9.0,0,0,1.2346522674871583
9KZ6W1_10.0,0,0,2.1901593813102607
9KZ6W1_11.0,0,0,1.9105043155506265
9KZ6W1_65.0,0,0,1.3646175533956573
9KZ6W1_75.0,0,0,1.8227350060124596
9KZ6W1_85.0,0,1,1.4415700320972662
9KZ6W1_95.0,0,0,0.5941520700052392
9S4AF8_9.0,0,1,2.5481919204989385
9S4AF8_13.0,29,1,0.0
9S4AF8_14.0,0,1,1.2545720728770577
9S4AF8_105.0,1,2,0.07143697500309276
9VBE59_9.0,0,0,0.8991582796428279
A19092_8.0,0,0,1.0476308251910087
A19092_9.0,0,0,0.0
A19092_10.0,0,0,2.0107866740110345
A19092_11.0,0,0,1.3471731451879054
A19092_12.0,0,0,2.689935265893461
A19092_13.0,0,0,1.26705021988061
A7MDBC_4.0,0,1,0.9932356291834479
A7MDBC_5.0,0,0,0.05007875317384247
A7MDBC_6.0,0,0,2.022292394824128
A7MDBC_7.0,0,1,1.587463521689136
A7MDBC_8.0,2,3,3.7028656217456604
A7MDBC_9.0,1,0,2.412357439594377
A7MDBC_10.0,2,4,4.09185210298695
A7MDBC_11.0,3,1,2.3621757496258193
A7MDBC_12.0,1,0,1.7087925596040607
A7MDBC_13.0,0,0,2.3290806617740243
A7MDBC_14.0,0,0,0.0
A7MDBC_45.0,0,0,3.1924866937383487
A7MDBC_55.0,0,0,3.2287750878568406
A7MDBC_65.0,0,0,1.5050405196890377
A7MDBC_75.0,0,0,1.863637480585279
A7MDBC_85.0,2,1,2.4791024354469315
A7MDBC_95.0,3,3,3.7660498024656364
A7MDBC_105.0,1,3,4.69982562876772
A7MDBC_115.0,0,0,1.660123863331319
AB9XBU_7.0,1,1,1.1340596162431584
AB9XBU_8.0,7,1,5.078350866319839
AB9XBU_9.0,8,8,6.769500777005478
AB9XBU_10.0,9,10,7.9709436715591995
AB9XBU_11.0,9,5,7.4942922505628875
AB9XBU_12.0,3,4,6.721035485640475
AB9XBU_13.0,1,2,4.324533239153678
AB9XBU_75.0,0,3,2.6018575384448077
AB9XBU_85.0,6,3,3.7998784347685444
AB9XBU_95.0,8,6,4.099764199113311
AB9XBU_105.0,8,2,4.857309823763555
ADT9MG_5.0,0,0,0.8005250884822281
ADT9MG_6.0,0,0,0.8343801125182058
ADT9MG_7.0,0,0,1.126613305276182
ADT9MG_8.0,0,2,2.3020722997971497
ADT9MG_9.0,0,1,1.9089923615858222
ADT9MG_10.0,2,4,1.6157584398410587
ADT9MG_11.0,1,2,2.4246398746704414
ADT9MG_12.0,0,2,1.7159223969224078
ADT9MG_13.0,1,1,1.3954681202811967
ADT9MG_14.0,0,1,0.7599841678241388
ADT9MG_15.0,0,0,1.871383151392664
ADT9MG_16.0,0,0,0.036816257358178284
ADT9MG_65.0,0,0,2.1142381069716745
ADT9MG_75.0,0,0,1.5497713512752522
ADT9MG_85.0,0,2,1.7034185551281387
ADT9MG_95.0,0,2,2.190330621967775
ADT9MG_105.0,0,3,2.3412115516840215
AHR20O_5.0,1,1,1.9416153149114668
AHR20O_6.0,9,0,2.165674985673452
AHR20O_7.0,18,5,3.561895491316289
AHR20O_8.0,22,9,6.8419280457883005
AHR20O_9.0,31,10,16.731920558516393
AHR20O_10.0,8,34,7.918488954169256
AHR20O_11.0,15,25,4.486285055060239
AHR20O_12.0,21,12,16.353689048068638
AHR20O_13.0,13,6,3.993626592868945
AHR20O_14.0,5,3,1.7171689549322595
AHR20O_16.0,0,0,2.1185041029088354
AHR20O_65.0,4,2,2.424617855622275
AHR20O_75.0,7,4,2.5713207907628366
AHR20O_85.0,22,7,6.535861618627964
AHR20O_95.0,6,1,9.994223424982803
AHR20O_105.0,9,21,7.152102479902182
AHSNWF_9.0,0,4,14.040772473919844
AHSNWF_13.0,0,0,0.0
AKP0A7_7.0,14,10,6.285497797200737
AKP0A7_8.0,30,10,16.315309143057828
AKP0A7_9.0,38,34,23.744968477376524
AKP0A7_10.0,47,31,27.782737731670014
AKP0A7_11.0,52,35,27.80612665685735
AKP0A7_12.0,32,33,23.394805917439495
AKP0A7_13.0,20,17,14.06797491176242
AKP0A7_75.0,8,11,8.607997066454896
AKP0A7_85.0,21,19,17.24258543702073
AKP0A7_95.0,37,40,28.72433553905242
AKP0A7_105.0,43,38,30.58386674966151
APQKWK_5.0,0,0,0.002655466806290363
APQKWK_7.0,0,0,0.0977892462864709
APQKWK_8.0,1,0,2.525843811070475
APQKWK_9.0,2,0,1.7512788302841322
APQKWK_10.0,3,0,2.306934035637999
APQKWK_11.0,2,1,1.9237167478511625
APQKWK_12.0,2,0,1.4934252936792651
APQKWK_13.0,1,0,2.455467573133265
ASG1IT_4.0,0,1,0.0
ASG1IT_5.0,1,0,1.3164739489052342
ASG1IT_6.0,3,1,0.0
ASG1IT_7.0,0,0,0.0
ASG1IT_8.0,1,0,1.9516773362309419
ASG1IT_9.0,0,0,0.40182610324990975
ASG1IT_10.0,0,0,1.0571499402663735
ASG1IT_11.0,0,0,0.0
ASG1IT_12.0,0,2,0.0
ASG1IT_45.0,0,1,0.0
ASG1IT_55.0,0,0,0.9815488471193987
ASG1IT_75.0,0,1,0.0
AX7BJ8_4.0,0,0,2.2964211070673817
AX7BJ8_5.0,0,0,1.7853736101555975
AX7BJ8_6.0,1,0,1.9293540897033385
AX7BJ8_7.0,1,5,1.7707442648939455
AX7BJ8_8.0,3,1,3.173347129992406
AX7BJ8_9.0,4,6,4.026656913541073
AX7BJ8_10.0,8,2,3.1246730331374883
AX7BJ8_11.0,3,4,2.954185460782115
AX7BJ8_12.0,3,0,2.049909507194749
AX7BJ8_13.0,2,1,1.965351695686402
AX7BJ8_14.0,1,1,3.0799926719710244
AX7BJ8_45.0,0,0,3.1924866937383487
AX7BJ8_55.0,0,0,1.967498691543223
AX7BJ8_65.0,1,0,2.103917674577172
AX7BJ8_75.0,2,4,2.011113250382886
AX7BJ8_85.0,2,6,4.041194831162986
AX7BJ8_95.0,6,5,3.0129977229920972
AX7BJ8_105.0,8,4,3.488474527592307
AX7BJ8_115.0,0,0,1.795171584581957
AX7BJ8_125.0,0,1,0.0
B24J86_1.0,0,0,0.0
B24J86_4.0,0,0,0.5706844630013572
B24J86_5.0,0,0,0.05094556421657437
B24J86_6.0,0,0,0.9153875625269894
B24J86_7.0,0,0,1.8491885364897716
B24J86_8.0,0,0,1.68809039379045
B24J86_9.0,0,0,7.059935961091899
B24J86_10.0,2,7,5.79826053591108
B24J86_11.0,2,2,2.4441623070417804
B24J86_12.0,0,0,1.9748014798965707
B24J86_13.0,1,0,1.1487294199950222
B24J86_14.0,1,0,1.50446513292668
B24J86_15.0,0,0,0.7070146738751069
B24J86_16.0,0,0,0.11757440690795651
B24J86_65.0,1,1,0.6418544892478018
B24J86_75.0,0,0,0.7745558607097021
B24J86_85.0,2,1,1.9768589114917234
B24J86_95.0,5,0,2.29420888346232
B24J86_105.0,2,12,18.40308692803803
BLJLMQ_4.0,0,1,0.0
BLJLMQ_5.0,0,0,0.0
BLJLMQ_7.0,0,0,1.5207713759387627
BLJLMQ_8.0,0,2,1.0853584322165712
BLJLMQ_9.0,4,1,1.6060536698649575
BLJLMQ_10.0,2,0,1.923741744967907
BLJLMQ_11.0,0,0,1.4952193503796898
BLJLMQ_13.0,0,0,0.0
BLJLMQ_65.0,0,0,0.0
BLJLMQ_75.0,0,0,2.065160884306753
BLJLMQ_85.0,1,1,1.2564349014432943
BLJLMQ_95.0,0,1,1.5882181375036777
BLJLMQ_105.0,1,0,1.7836130011931557
BLJLMQ_115.0,1,1,0.0
C5O9C9_8.0,0,0,0.8493663106464737
CD1NU9_5.0,2,2,1.358239112233799
CD1NU9_6.0,4,9,6.117925858853383
CD1NU9_7.0,3,1,4.325059929626722
CD1NU9_8.0,6,5,9.36450639710436
CD1NU9_9.0,15,11,10.326883821674585
CD1NU9_10.0,19,18,10.941207627967056
CD1NU9_11.0,13,10,12.855109871358561
CD1NU9_12.0,6,11,8.393050886145158
CD1NU9_13.0,8,9,11.994164782195579
CD1NU9_14.0,2,8,4.1374015759119755
CD1NU9_15.0,0,0,2.863711754624902
CD1NU9_75.0,4,1,2.7815436727283043
CD1NU9_85.0,7,9,11.02761316690688
CD1NU9_95.0,12,13,13.54715047994392
CD1NU9_105.0,14,20,13.351206848203216
CST1KC_7.0,0,0,0.44955870544164966
CST1KC_8.0,0,0,0.453187544853499
CST1KC_9.0,0,0,0.0
CST1KC_10.0,0,0,0.6787161566937208
CST1KC_11.0,0,0,0.0
CST1KC_12.0,0,0,2.054467998236844
CST1KC_14.0,0,0,0.47496058132459407
CST1KC_75.0,0,0,0.6963197854473933
CST1KC_105.0,0,0,0.6986260422035029
CU53FM_9.0,1,0,0.0
CU53FM_10.0,7,0,0.0
CU53FM_11.0,1,0,0.0
CU53FM_12.0,7,0,0.0
CVU3QV_6.0,0,1,0.0
CVU3QV_7.0,0,0,0.515855792642899
CVU3QV_65.0,0,1,0.48999416491848535
CVU3QV_75.0,0,0,1.5331433221026387
D05ZS7_4.0,0,0,0.5271734136773043
D05ZS7_5.0,0,0,1.017245821269487
D05ZS7_6.0,2,2,1.1894550306292193
D05ZS7_7.0,0,2,2.523138053121409
D05ZS7_8.0,12,6,4.857558576288053
D05ZS7_9.0,9,10,7.2863956296172105
D05ZS7_10.0,11,9,6.735593181368909
D05ZS7_11.0,3,2,3.34794337344962
D05ZS7_12.0,3,7,3.4622234969333396
D05ZS7_13.0,6,0,2.176784328203081
D05ZS7_14.0,0,0,0.4755619523877135
D05ZS7_55.0,0,0,1.0465049616543811
D05ZS7_65.0,0,1,3.0809303233974763
D05ZS7_75.0,1,1,3.331892903425727
D05ZS7_85.0,6,8,4.906793005486941
D05ZS7_95.0,3,5,6.785423175044926
D05ZS7_105.0,4,4,4.195986611595678
D05ZS7_115.0,1,1,2.025688291972661
D05ZS7_125.0,1,0,0.6857351439755055
D8AMD3_5.0,2,0,0.0
D8AMD3_6.0,0,0,0.26457660818711304
D8AMD3_7.0,1,1,0.0
D8AMD3_8.0,0,1,0.0
D8AMD3_9.0,1,0,1.1900050625528262
D8AMD3_10.0,0,1,0.0
D8AMD3_11.0,0,0,0.0
D8AMD3_12.0,0,0,2.632642711061684
D8AMD3_13.0,0,0,2.6788006441813588
D8AMD3_14.0,0,2,0.0
D8AMD3_55.0,0,0,0.0
D8AMD3_65.0,0,0,1.7724984065955969
D8AMD3_75.0,1,0,0.4481158755622925
D8AMD3_85.0,1,2,0.7862177198257285
D8AMD3_95.0,3,4,0.23435291203476627
D8AMD3_105.0,3,2,1.6905513050732912
D8AMD3_115.0,2,0,0.0
DF3KQM_8.0,0,0,2.4736734767488233
DF3KQM_9.0,0,0,3.025027313783337
DF3KQM_10.0,0,0,2.4809311555725215
DF3KQM_11.0,0,0,2.484559994984371
DF3KQM_12.0,0,0,2.4881888343962197
DGAONE_5.0,3,3,2.520748414758336
DGAONE_6.0,3,3,3.163134608809983
DGAONE_7.0,17,1,4.40380135522593
DGAONE_8.0,9,3,5.739686449061722
DGAONE_9.0,0,6,12.157276065484293
DGAONE_10.0,0,1,11.635261401363053
DGAONE_11.0,0,19,7.879885695208738
DGAONE_12.0,15,1,11.619058826377383
DGAONE_13.0,15,11,5.27811912073827
DGAONE_14.0,4,1,2.901407913745916
DGAONE_15.0,0,1,0.0
DGAONE_16.0,2,0,2.1335004771423773
DGAONE_65.0,3,2,1.7363404564445322
DGAONE_75.0,12,7,10.173284439207599
DGAONE_85.0,22,1,8.033546754162787
DGAONE_95.0,3,0,9.6760232356996
DGAONE_105.0,0,0,10.732962843299465
DNLEH7_6.0,0,3,0.0
DNLEH7_7.0,0,1,1.099685849067905
DNLEH7_8.0,2,2,1.539628570707123
DNLEH7_9.0,2,4,1.6477101945031905
DNLEH7_10.0,1,4,2.0292401078040014
DNLEH7_11.0,1,4,2.8448450135042864
DNLEH7_12.0,0,5,0.9640902329129082
DNLEH7_13.0,0,2,1.0442119778526768
DNLEH7_65.0,0,0,0.8833644623769956
DNLEH7_75.0,0,1,0.3134774297626972
DNLEH7_85.0,1,2,2.0645172755559593
DNLEH7_95.0,4,4,2.849900896683295
DNLEH7_105.0,0,3,2.319143386934642
DNLEH7_115.0,0,3,0.0
DNLEH7_125.0,0,1,0.0
DSQXYR_5.0,1,2,0.2865498108357514
DSQXYR_6.0,0,0,0.0
DSQXYR_7.0,1,1,1.068203073681321
DSQXYR_8.0,0,4,2.842039826939061
DSQXYR_9.0,0,4,3.286528540337436
DSQXYR_10.0,0,2,3.5494641241073985
DSQXYR_11.0,2,2,2.2128717474869855
DSQXYR_12.0,1,2,1.8449260731264294
DSQXYR_13.0,0,1,0.9385168870845417
DSQXYR_14.0,0,0,1.3999616410957687
E2ES5Z_7.0,0,1,0.0
E2ES5Z_8.0,0,0,0.6018258506442127
E2ES5Z_9.0,0,0,1.2218511941194805
E2ES5Z_10.0,0,1,0.0
E2ES5Z_11.0,0,1,0.0
E2ES5Z_12.0,0,0,0.0
E2ES5Z_13.0,0,0,0.0
E2ES5Z_65.0,0,0,0.0
E2ES5Z_75.0,0,0,0.0
E2ES5Z_85.0,0,1,0.0
E2ES5Z_95.0,0,0,0.8294913297950819
E2ES5Z_105.0,0,0,0.0
E2ES5Z_115.0,0,0,0.0
E5CISL_9.0,7,0,0.0
E5CISL_10.0,7,2,0.0
EA91CP_105.0,0,0,0.0
EA91CP_115.0,0,0,0.32342036555722853
EAJXUV_9.0,0,0,1.9347191689358354
EAJXUV_10.0,0,1,0.0
EAJXUV_11.0,0,0,2.7266045003585826
EAJXUV_12.0,0,0,1.3475909023695314
EAJXUV_13.0,0,0,1.6486587037023144
EAJXUV_14.0,0,0,2.812477287551597
EAJXUV_85.0,0,0,0.2243175169468401
EAJXUV_95.0,2,1,2.1935047988837817
EAJXUV_105.0,3,0,2.4833613161824877
EAJXUV_125.0,0,0,0.0
EBKM6C_5.0,1,2,1.1289884280145608
EBKM6C_6.0,2,0,0.41116424705336563
EBKM6C_7.0,1,1,2.1979695570373057
EBKM6C_8.0,2,3,1.157736357699159
EBKM6C_9.0,2,2,2.0140454820729516
EBKM6C_10.0,3,0,1.880787889711431
EBKM6C_11.0,2,2,2.603565676863823
EBKM6C_12.0,2,1,1.4135053277089673
EBKM6C_13.0,0,0,1.9281711078178327
EBKM6C_14.0,0,0,0.0
EBKM6C_65.0,1,2,1.013348548756479
EBKM6C_75.0,0,2,0.0
EBKM6C_85.0,1,2,0.0
EBKM6C_95.0,1,2,2.9440909358625302
EBKM6C_105.0,1,2,2.7225863822967282
EO69NY_7.0,0,0,0.02441387439958298
EO69NY_8.0,1,0,0.0
EO69NY_9.0,0,0,1.7104194285282688
EO69NY_10.0,0,0,0.9397760709183114
EO69NY_11.0,1,0,0.0
EO69NY_12.0,0,0,1.8474469563884481
EQQBND_5.0,0,1,2.7172506439108735
EQQBND_6.0,0,1,2.4806092081538123
EQQBND_7.0,0,1,1.396794655123193
EQQBND_8.0,0,6,4.200708733690709
EQQBND_9.0,8,0,2.329694208200374
EQQBND_10.0,8,0,2.3442177882009925
EQQBND_11.0,5,2,3.2951019220013875
EQQBND_12.0,2,4,4.070462541092206
EQQBND_13.0,0,2,2.1063014878167676
EQQBND_14.0,1,2,0.3677513681773208
EQQBND_15.0,0,1,0.0
EQQBND_16.0,0,1,0.0
EQQBND_65.0,0,1,1.6717507867751085
EQQBND_75.0,1,3,3.625280554071198
EQQBND_85.0,0,1,3.0414372367129285
EQQBND_95.0,3,1,2.0506971220761003
EQQBND_105.0,7,0,3.367218934224211
ETU70R_9.0,0,0,0.6768639018993365
ETU70R_10.0,0,1,0.8624063374809143
ETU70R_11.0,0,0,0.9350937038114955
ETU70R_12.0,0,0,2.1370602502176164
ETU70R_13.0,0,0,0.691379259546733
ETU70R_85.0,0,0,2.3624275868573386
ETU70R_105.0,0,1,1.350225143873467
ETU70R_115.0,0,0,0.0
EUMBM7_5.0,0,0,0.0
EUMBM7_6.0,0,1,0.0
EUMBM7_7.0,2,0,1.175728769175226
EUMBM7_8.0,4,2,2.67960138547868
EUMBM7_9.0,6,8,4.14021518676139
EUMBM7_10.0,5,0,2.740310262753592
EUMBM7_11.0,9,1,4.288784325484896
EUMBM7_12.0,7,1,2.1926699255711
EUMBM7_13.0,9,0,0.7180438653822039
EUMBM7_14.0,0,0,1.50021525943703
EUMBM7_15.0,0,1,0.9795338103594391
EUMBM7_16.0,0,0,0.0
EUMBM7_65.0,0,1,0.0
EUMBM7_75.0,1,0,1.969800263781332
EUMBM7_85.0,3,1,2.1877356319590278
EUMBM7_95.0,5,1,2.530687062212199
EUMBM7_105.0,11,0,2.591540934466006
EYEOXS_5.0,1,4,1.0848158500847842
EYEOXS_6.0,2,0,1.5956747214534954
EYEOXS_7.0,0,0,1.5646101580279748
EYEOXS_8.0,0,0,0.0
EYEOXS_45.0,0,0,1.330709785665014
EYEOXS_55.0,0,2,0.0
EYEOXS_65.0,2,1,0.0
EYEOXS_75.0,1,0,0.0
EYEOXS_85.0,0,0,0.0
EYEOXS_95.0,0,0,0.0
EYEOXS_105.0,0,0,0.0
F0P5OQ_4.0,0,0,0.26273695079380577
F0P5OQ_5.0,0,0,0.0
F0P5OQ_7.0,0,0,0.0
F0P5OQ_8.0,0,0,1.136476909940587
F0P5OQ_9.0,0,0,0.0
F0P5OQ_10.0,0,0,0.0
F0P5OQ_75.0,0,0,0.0
F0P5OQ_85.0,0,0,1.5667919500377168
F29V5I_5.0,0,0,2.6939346495780048
F29V5I_6.0,0,0,1.0461313854498244
F29V5I_7.0,3,1,1.2820998356715414
F29V5I_8.0,5,3,7.126545925962963
F29V5I_9.0,7,6,3.7564857060967096
F29V5I_10.0,10,7,8.420698608274622
F29V5I_11.0,8,3,3.0682832172389296
F29V5I_12.0,1,3,3.3302798031548635
F29V5I_13.0,0,1,1.7386321915551575
F29V5I_14.0,0,0,2.991630119184898
F29V5I_55.0,0,0,2.875376620170463
F29V5I_65.0,1,1,1.7448553019315263
F29V5I_75.0,4,2,2.634823432251972
F29V5I_85.0,8,5,3.156252993177997
F29V5I_95.0,8,9,9.276993162669157
F29V5I_105.0,7,3,5.440662853671847
F29V5I_115.0,3,1,1.5549586577583154
F29V5I_125.0,0,0,2.599584618465389
F73ZE1_6.0,0,1,1.310708924161466
F73ZE1_7.0,1,1,0.0
F73ZE1_8.0,3,2,2.1026296828262954
F73ZE1_9.0,3,1,1.9718736553082525
F73ZE1_10.0,1,2,1.1941921361775907
F73ZE1_11.0,1,1,0.17713611805627938
F73ZE1_12.0,1,1,0.031380041508842105
F73ZE1_13.0,0,0,0.0
F73ZE1_14.0,0,0,0.0
F73ZE1_65.0,0,0,0.0
F73ZE1_75.0,2,0,1.545669385996419
F73ZE1_85.0,2,1,0.0
F73ZE1_95.0,4,0,0.8391161479158766
F73ZE1_105.0,4,1,1.1149619282310423
F73ZE1_115.0,2,1,0.0
F73ZE1_125.0,0,0,2.30198061745051
F7LULH_1.0,1,0,0.0
F7LULH_2.0,1,0,0.0
F7LULH_3.0,0,0,0.0
F7LULH_4.0,0,0,0.0
F7LULH_5.0,1,0,1.5411332310477577
F7LULH_6.0,0,0,1.1731288650532439
F7LULH_7.0,0,0,1.6842651423668489
F7LULH_8.0,0,0,1.7332320653606743
F7LULH_9.0,2,0,4.999933787592951
F7LULH_10.0,1,0,1.3093963232123946
F7LULH_11.0,1,0,1.6686890759880604
F7LULH_12.0,1,4,1.6046924759787808
F7LULH_13.0,2,0,1.3436855482022532
F7LULH_14.0,0,0,0.0
F7LULH_15.0,0,0,0.0
F7LULH_16.0,0,0,0.0
F7LULH_65.0,0,0,2.228572457931083
F7LULH_75.0,0,0,1.8665305457940473
F7LULH_85.0,2,0,1.8075838276283478
F7LULH_95.0,1,0,1.739822955637678
F7LULH_105.0,9,13,19.882044220959816
F98BNI_8.0,0,1,0.0
F98BNI_9.0,1,2,1.1412467467656757
F98BNI_11.0,0,0,2.448709828211802
F98BNI_85.0,0,2,0.9119856524218726
FJ25W1_4.0,0,1,0.0
FJ25W1_5.0,0,0,0.0
FJ25W1_6.0,0,0,0.6473466771743137
FJ25W1_7.0,0,0,1.3108410925653757
FJ25W1_8.0,0,0,0.13671236703416412
FJ25W1_9.0,0,0,0.9780948364207429
FJ25W1_10.0,1,0,0.8145272928178375
FJ25W1_11.0,1,0,0.8679039792079228
FJ25W1_12.0,0,0,1.6491123136500176
FJ25W1_75.0,0,0,1.4449811135184376
FJ25W1_85.0,0,0,0.0
FJ25W1_95.0,0,0,0.0
FJ25W1_105.0,0,0,0.8157028257497787
FQ53YY_5.0,0,0,0.0
FQ53YY_6.0,0,0,0.0
FQ53YY_7.0,0,0,0.0
FQ53YY_8.0,2,1,0.0
FQ53YY_9.0,0,0,0.0
FQ53YY_10.0,1,0,0.0
FQ53YY_65.0,0,0,0.0
FQ53YY_85.0,1,0,0.0
FQ53YY_95.0,1,0,0.0
G8ASPE_5.0,1,3,2.3544715337100475
G8ASPE_6.0,2,5,3.586154845189302
G8ASPE_7.0,3,6,8.557800747538035
G8ASPE_8.0,24,1,6.133395836659705
G8ASPE_9.0,14,24,21.125321294262996
G8ASPE_10.0,21,16,49.62436184995704
G8ASPE_11.0,29,14,45.18143122050021
G8ASPE_12.0,10,19,10.488989619779936
G8ASPE_13.0,15,14,12.445362663212826
G8ASPE_14.0,0,2,1.5445706084866186
G8ASPE_15.0,0,1,1.1650977876612516
G8ASPE_16.0,0,2,0.7759899631203373
G8ASPE_65.0,1,3,4.050263263725453
G8ASPE_75.0,3,4,6.872066584581503
G8ASPE_85.0,11,0,6.795338370909212
G8ASPE_95.0,18,34,27.5585362263472
G8ASPE_105.0,13,29,35.56881311583876
GPBMZJ_75.0,0,0,0.0
GPBMZJ_85.0,0,0,0.0
GPBMZJ_95.0,0,0,2.27007130106013
GPBMZJ_125.0,0,1,0.0
H1I7JZ_9.0,0,0,0.427331754352851
H1I7JZ_10.0,0,0,0.03152226769389266
H1I7JZ_11.0,0,0,0.43458943317654875
H1I7JZ_12.0,0,0,0.0
H1I7JZ_13.0,0,0,0.8675105077057195
H1I7JZ_85.0,0,0,0.0
H1I7JZ_95.0,0,0,0.0
H1I7JZ_105.0,0,0,0.0
H51IVV_7.0,0,0,1.7182243315170602
H51IVV_8.0,0,0,0.9133390986829557
H51IVV_9.0,0,2,1.388255206818485
H51IVV_10.0,1,1,1.4556828423034562
H51IVV_11.0,2,0,1.3762178817108537
H51IVV_12.0,0,1,0.828513037106787
H51IVV_13.0,0,0,0.9183039822671129
H51IVV_14.0,0,0,0.0
H51IVV_15.0,0,0,0.0
HA0BOB_6.0,0,0,1.7326840506204157
HA0BOB_7.0,2,1,0.5376852132358714
HA0BOB_8.0,0,1,1.8607109352350406
HA0BOB_9.0,5,2,2.3308535185688815
HA0BOB_10.0,0,0,2.0917084114834075
HA0BOB_11.0,3,2,3.010075982439671
HA0BOB_12.0,4,1,2.0317534786100238
HA0BOB_13.0,0,0,1.9612954604385573
HA0BOB_75.0,0,0,0.0
HA0BOB_85.0,1,0,2.471568051145488
HA0BOB_95.0,4,1,4.494231021419114
HA0BOB_105.0,6,3,3.4980612477258157
HCMI82_5.0,0,0,1.7281997499664734
HCMI82_6.0,0,0,0.8257818392685099
HCMI82_7.0,0,1,0.0
HCMI82_8.0,0,1,1.217474336265612
HCMI82_9.0,2,0,1.545668514053558
HCMI82_10.0,0,1,1.503853257662667
HCMI82_11.0,1,1,1.3554898739684353
HCMI82_12.0,1,1,1.227579960761509
HCMI82_13.0,0,0,1.4745873443041946
HCMI82_14.0,0,0,0.0
HGXJD0_6.0,0,0,2.2534309260779843
HGXJD0_7.0,0,0,0.0
HGXJD0_8.0,0,2,1.3448877383047861
HGXJD0_9.0,1,0,0.0
HGXJD0_10.0,2,1,1.3144607743613679
HGXJD0_11.0,0,3,0.43178538944434397
HGXJD0_12.0,0,3,0.0
HGXJD0_13.0,0,0,0.0
HI2X6U_4.0,0,0,2.2657976412182603
HI2X6U_5.0,1,0,1.9063801221207481
HI2X6U_6.0,1,0,1.5547554509757622
HI2X6U_7.0,3,1,2.1270529427477083
HI2X6U_8.0,1,2,1.7913718452748721
HI2X6U_9.0,0,1,2.134310621571407
HI2X6U_10.0,2,0,1.8475845138663138
HI2X6U_11.0,0,2,2.9107502634200038
HI2X6U_12.0,1,1,3.969279040083763
HI2X6U_13.0,0,1,1.8658428002847218
HI2X6U_75.0,1,0,1.7780257770056096
HI2X6U_85.0,2,1,2.0523074166883313
HI2X6U_95.0,0,2,3.656689723307244
HI2X6U_105.0,2,1,4.194714400713317
HI2X6U_115.0,1,2,2.5725595618850887
HI2X6U_125.0,1,0,1.79746811662709
HLOISD_5.0,0,0,0.48969886125374806
HLOISD_7.0,1,0,0.3457562921335988
HLOISD_8.0,0,1,1.512160449393651
HLOISD_9.0,1,1,1.8548177637006695
HLOISD_10.0,2,2,1.8489219404645563
HLOISD_11.0,0,2,2.3025025711260194
HLOISD_12.0,2,1,1.1803813563474188
HLOISD_13.0,1,1,1.9038770917933165
HLOISD_16.0,0,0,0.0
HLOISD_65.0,1,0,0.0
HLOISD_75.0,0,1,0.42530589131193075
HLOISD_85.0,2,2,1.0899845499998997
HLOISD_95.0,0,1,2.0384155435114644
HLOISD_105.0,0,4,1.8969454549365699
HOUGRO_6.0,1,0,0.0
HOUGRO_7.0,1,0,0.4893243161205447
HOUGRO_8.0,1,0,1.5470426504414334
HOUGRO_9.0,0,6,3.991986600732494
HOUGRO_10.0,0,2,1.481840689392461
HOUGRO_11.0,2,0,0.0
HOUGRO_12.0,0,1,0.0
HOUGRO_13.0,0,0,1.441783399342671
HOUGRO_55.0,0,1,0.0
HOUGRO_65.0,0,0,2.1077736067758828
HOUGRO_75.0,0,3,2.991123548003067
HOUGRO_85.0,0,6,6.056639730726921
HOUGRO_95.0,1,6,3.4738337393455105
HOUGRO_105.0,0,2,2.7677995367860833
HOUGRO_115.0,0,1,1.7932061717037415
HOUGRO_125.0,0,0,2.3650419119121007
HOUJQN_4.0,1,0,0.0
HOUJQN_6.0,2,0,2.3423107223496253
HOUJQN_7.0,1,0,2.304324036885145
HOUJQN_8.0,2,0,2.561984822218676
HOUJQN_9.0,3,0,6.340367429491424
HOUJQN_10.0,2,0,2.1594637578440206
HOUJQN_11.0,1,0,1.6281442470304888
HOUJQN_12.0,1,0,1.9046839752195064
HOUJQN_13.0,0,0,2.2828993449508586
HOUJQN_14.0,0,0,2.057641065120259
HOUJQN_35.0,0,0,1.5917481000382372
HOUJQN_45.0,0,0,1.66766636827948
HOUJQN_55.0,1,0,1.743584636520724
HOUJQN_65.0,0,0,1.7798730306392159
HOUJQN_75.0,0,0,1.6052924091562861
HOUJQN_85.0,2,0,2.827138406499467
HOUJQN_95.0,1,0,4.980182129969871
HOUJQN_105.0,2,0,5.007932428938294
HOUJQN_115.0,1,0,5.006664605138133
HOUJQN_125.0,2,0,3.2448882021396246
HXQR4L_5.0,0,0,0.0
HXQR4L_6.0,0,0,0.0
HXQR4L_7.0,0,1,0.0
HXQR4L_8.0,1,0,0.0
HXQR4L_9.0,2,1,11.435263853671184
HXQR4L_10.0,3,0,0.17865036948565383
HXQR4L_11.0,1,0,0.16087301074672933
HXQR4L_12.0,0,0,0.0
HXQR4L_13.0,2,0,0.0
HXQR4L_14.0,0,0,0.0
HXQR4L_75.0,0,0,0.0
HXQR4L_85.0,3,0,0.20141879256444462
HXQR4L_95.0,1,1,0.41901113646227817
HXQR4L_105.0,2,2,0.6076375877257307
I1KDJ0_7.0,11,45,0.0
I1KDJ0_8.0,31,18,19.339227839998408
I1KDJ0_9.0,48,44,34.90042226009372
I1KDJ0_10.0,57,53,39.94529205441607
I1KDJ0_11.0,56,65,28.325772692352494
I1KDJ0_12.0,40,96,11.962373556930313
I1KDJ0_13.0,24,63,2.1200408262287747
I1KDJ0_75.0,14,6,9.391493957843366
I1KDJ0_85.0,31,20,20.89426182227958
I1KDJ0_95.0,37,46,33.42606987752541
I1KDJ0_105.0,44,81,15.708405223591118
I1X92B_4.0,0,0,0.0
I1X92B_5.0,0,0,2.0087066812036913
I1X92B_6.0,0,0,1.9505736454014948
I1X92B_7.0,0,0,2.837514169699155
I1X92B_8.0,3,2,4.331014435161798
I1X92B_9.0,7,3,5.968050794000522
I1X92B_10.0,7,4,5.189413791565023
I1X92B_11.0,8,4,5.318100646101455
I1X92B_12.0,6,5,6.313746171608378
I1X92B_13.0,3,3,4.051830383531796
I1X92B_14.0,1,0,2.2267747439184236
I1X92B_45.0,0,0,0.0
I1X92B_55.0,1,0,1.8759124744747164
I1X92B_65.0,0,0,2.234509435370958
I1X92B_75.0,1,3,4.982087122483879
I1X92B_85.0,2,1,4.44559249396338
I1X92B_95.0,6,2,5.937637746945416
I1X92B_105.0,4,8,7.075309775181323
I1X92B_115.0,2,4,3.3254130313134214
I1X92B_125.0,1,0,2.105134087825371
I2B1FH_5.0,0,0,0.0
I2B1FH_6.0,0,0,0.0
I2B1FH_7.0,0,0,1.0090602616173125
I2B1FH_8.0,0,4,2.8279715969573473
I2B1FH_9.0,0,0,3.43806280331874
I2B1FH_10.0,0,0,2.8302649701310574
I2B1FH_11.0,0,0,5.040567529613116
I2B1FH_12.0,0,0,1.6722870525691151
I2B1FH_13.0,0,0,1.9243647182120602
IA7X1P_7.0,5,6,7.8141763030144595
IA7X1P_8.0,15,13,13.358779307044092
IA7X1P_9.0,22,24,26.149275490381697
IA7X1P_10.0,25,30,26.424704832094104
IA7X1P_11.0,16,31,22.584915715125625
IA7X1P_12.0,13,25,18.805786855758658
IA7X1P_13.0,4,10,6.901279385672509
IA7X1P_14.0,1,2,2.772027120484009
IA7X1P_75.0,3,4,5.561506916652622
IA7X1P_85.0,6,12,13.273825500939676
IA7X1P_95.0,27,20,21.125000406331722
IA7X1P_105.0,18,24,22.937256887413497
IAKTYD_7.0,0,0,0.0
IJBSQT_7.0,1,4,5.962547095620064
IJBSQT_8.0,1,4,9.92063367539027
IJBSQT_9.0,4,12,13.182105973434396
IJBSQT_10.0,7,8,8.267179250512473
IJBSQT_11.0,5,6,10.466572815616871
IJBSQT_12.0,0,5,6.842402764509103
IJBSQT_13.0,0,0,1.1493262707882215
IJBSQT_14.0,0,12,9.30649098377543
IJBSQT_75.0,0,4,4.585216653571617
IJBSQT_85.0,3,4,9.04378588375715
IJBSQT_95.0,8,6,9.140561437153682
IJBSQT_105.0,7,4,8.814900310923399
IPGA7X_5.0,0,0,0.6857022443520631
IPGA7X_6.0,0,0,1.0623779822006925
IPGA7X_7.0,0,0,1.2023285085064046
IPGA7X_8.0,1,1,1.0145930574237116
IPGA7X_9.0,2,2,1.1294074652480628
IPGA7X_10.0,1,0,2.5324954613404045
IPGA7X_11.0,1,2,0.0
IPGA7X_12.0,1,0,1.78201286056255
IPGA7X_13.0,1,1,0.05770546541815147
IPGA7X_14.0,0,0,0.6331513580541417
IPGA7X_45.0,0,0,1.6447493654889462
IPGA7X_65.0,0,0,1.9378842029822536
IPGA7X_75.0,1,2,0.4760667283399016
IPGA7X_85.0,0,2,1.298094634971044
IPGA7X_95.0,1,0,0.7890087069625435
IPGA7X_105.0,0,0,1.137262254927518
IPGA7X_115.0,0,2,0.3749297617164631
IPGA7X_125.0,0,0,0.0
IYLV38_9.0,0,1,1.236427875817812
IYV9SV_5.0,0,0,0.0
IYV9SV_6.0,0,0,0.0
IYV9SV_7.0,0,0,0.0
IYV9SV_8.0,0,2,1.3012036434131335
IYV9SV_9.0,1,3,5.22389839361189
IYV9SV_10.0,2,3,4.363440797607659
IYV9SV_11.0,2,5,3.453381689963894
IYV9SV_12.0,0,2,2.789263039771236
IYV9SV_13.0,3,1,0.47953482992509056
IYV9SV_14.0,1,2,0.0
IYV9SV_15.0,0,0,0.0
IYV9SV_75.0,0,0,0.0
IYV9SV_85.0,0,2,2.184245530114153
IYV9SV_95.0,2,2,2.044960449292024
IYV9SV_105.0,3,5,3.7080830750126728
IYXV3Z_9.0,0,12,18.614004596342895
J2URNJ_5.0,0,0,0.0
J2URNJ_6.0,0,1,0.0
J2URNJ_7.0,0,3,1.6694768507830595
J2URNJ_8.0,5,2,1.7861466171361027
J2URNJ_9.0,5,6,1.6414529419412744
J2URNJ_10.0,6,2,1.6016257692435434
J2URNJ_11.0,1,1,1.663758768245772
J2URNJ_12.0,3,1,2.301599391705154
J2URNJ_13.0,0,0,1.8453837604906544
J2URNJ_14.0,1,0,0.0
J2URNJ_65.0,0,0,1.4998125785478873
J2URNJ_75.0,0,1,1.7632797754377574
J2URNJ_85.0,1,3,2.1585136600341372
J2URNJ_95.0,4,4,2.8504825190281537
J2URNJ_105.0,8,1,1.754603997348128
J2URNJ_115.0,1,0,1.9003947213504633
J3FI7N_5.0,0,0,0.0
J3FI7N_6.0,0,0,0.9901574689301107
J3FI7N_7.0,2,4,3.2807291259834805
J3FI7N_8.0,3,9,5.594129516791487
J3FI7N_9.0,14,9,6.859836387456628
J3FI7N_10.0,12,16,10.41966309811388
J3FI7N_11.0,11,6,8.001963649919531
J3FI7N_12.0,8,13,9.43350551176869
J3FI7N_13.0,3,3,7.710861741969572
J3FI7N_14.0,0,0,0.7788512069539744
J3FI7N_15.0,0,0,2.480595530795283
J3FI7N_75.0,3,2,2.746973588908805
J3FI7N_85.0,5,4,4.399443010779324
J3FI7N_95.0,11,6,7.768926015024057
J3FI7N_105.0,10,7,10.179692876990735
JCIIEB_5.0,0,0,2.7356374934301617
JCIIEB_6.0,0,0,1.5443092709277466
JCIIEB_7.0,0,0,2.324895313166399
JCIIEB_8.0,0,0,1.9243794468769373
JCIIEB_9.0,0,0,3.1322370301344655
JCIIEB_65.0,0,0,0.0
JCIIEB_95.0,0,0,1.8537189538387477
JCNON3_4.0,0,0,0.0
JCNON3_6.0,0,1,0.0
JCNON3_7.0,0,3,0.0
JCNON3_8.0,1,3,2.373546343070233
JCNON3_9.0,5,4,2.679371061565588
JCNON3_10.0,1,5,2.3792229507306764
JCNON3_11.0,2,3,3.6808763746003037
JCNON3_12.0,0,1,0.0
JCNON3_13.0,0,0,2.122695079682223
JCNON3_14.0,0,0,3.0799926719710244
JCNON3_75.0,0,4,2.340079636310394
JCNON3_85.0,0,6,1.7921290969905859
JCNON3_95.0,1,4,3.1771994961872267
JCNON3_105.0,1,6,3.747699954240397
JCNON3_115.0,1,0,0.0
JEGRCL_7.0,9,9,9.260725392108181
JEGRCL_8.0,21,29,15.97906164155598
JEGRCL_9.0,35,31,21.984036397435283
JEGRCL_10.0,39,27,21.096210134612353
JEGRCL_11.0,24,34,18.494905817432585
JEGRCL_12.0,20,17,13.567681259980144
JEGRCL_13.0,16,10,8.060658239352328
JEGRCL_75.0,5,11,7.949317546560803
JEGRCL_85.0,14,14,12.957353689411251
JEGRCL_95.0,24,18,18.30858794334937
JEGRCL_105.0,22,29,19.488022639139338
JGP0ID_9.0,0,0,0.0
JHSQHS_5.0,0,0,0.8579389769528962
JHSQHS_6.0,0,0,3.194209146922846
JHSQHS_7.0,0,0,1.067061327089359
JHSQHS_8.0,0,1,1.1716225021575912
JHSQHS_9.0,0,0,1.3771160128822046
JHSQHS_10.0,1,1,1.1788801809812894
JHSQHS_11.0,0,1,0.0
JHSQHS_12.0,0,2,0.0
JHSQHS_13.0,0,0,0.88696969224769
JHSQHS_65.0,0,0,1.2150909551832214
JHSQHS_75.0,0,1,1.1119577357823385
JHSQHS_85.0,0,0,1.198712297729021
JHSQHS_95.0,0,2,1.6198188619054972
JHSQHS_105.0,0,1,0.5323456778627351
JU0ODD_7.0,0,0,0.0
JU0ODD_8.0,0,0,1.2018488729245433
JU0ODD_9.0,0,0,0.4768927824732643
JU0ODD_10.0,0,0,0.4368752064661372
JU0ODD_11.0,0,0,1.2110871453044125
JUUL5B_4.0,0,0,2.5375864469138993
JUUL5B_5.0,0,0,1.9434869093193972
JUUL5B_6.0,1,0,0.0
JUUL5B_7.0,1,0,0.32112231733456476
JUUL5B_8.0,0,0,2.5919140770603324
JUUL5B_9.0,2,2,1.8047340704220485
JUUL5B_10.0,1,2,3.649205571711677
JUUL5B_11.0,3,2,1.8434003381746265
JUUL5B_12.0,0,0,1.7328890832649853
JUUL5B_14.0,0,1,1.0676999665090028
JUUL5B_65.0,0,0,1.720187999032241
JUUL5B_75.0,0,0,2.680772929735987
JUUL5B_85.0,0,3,2.729022680648662
JUUL5B_95.0,0,0,2.4011954898223196
JUUL5B_105.0,0,1,2.2058151710652902
JUUL5B_115.0,1,0,2.278931050962327
JWTWL1_7.0,0,0,2.2129073121003113
JWTWL1_8.0,0,0,1.6395490758701907
JWTWL1_9.0,0,0,2.120816368075694
JWTWL1_10.0,0,1,0.8467315091182464
JWTWL1_11.0,0,0,1.6537451848835718
JWTWL1_12.0,1,0,2.036108930498769
K3YA1X_5.0,0,0,1.3578472315815966
K3YA1X_6.0,0,1,1.5881737824934956
K3YA1X_7.0,0,2,1.1577303604869087
K3YA1X_8.0,6,3,2.5877648231413364
K3YA1X_9.0,10,8,2.797347293137655
K3YA1X_10.0,9,0,3.69129062965526
K3YA1X_11.0,6,7,2.037287717124357
K3YA1X_12.0,2,3,1.7903203900994802
K3YA1X_13.0,1,1,0.7738692116862049
K3YA1X_65.0,0,0,1.4059206170033196
K3YA1X_75.0,0,5,1.8818018051840966
K3YA1X_85.0,4,1,2.4782788203816097
K3YA1X_95.0,5,3,4.127310704083674
K3YA1X_105.0,4,2,3.7880715937757676
K3YA1X_115.0,3,3,1.2227872887924844
KTDZY0_4.0,2,2,1.6899680885074173
KTDZY0_5.0,5,4,4.557797114433028
KTDZY0_6.0,8,6,7.544130859601067
KTDZY0_7.0,8,15,11.906770895953722
KTDZY0_8.0,22,16,21.861644525983323
KTDZY0_9.0,28,28,30.70738128608396
KTDZY0_10.0,30,29,27.656527085777142
KTDZY0_11.0,32,26,23.616932668857107
KTDZY0_12.0,24,23,15.344796272908894
KTDZY0_13.0,16,13,6.559777113033307
KTDZY0_14.0,0,0,1.5569723018515562
KTDZY0_55.0,3,3,2.437592954949595
KTDZY0_65.0,4,9,5.681637855128368
KTDZY0_75.0,6,15,9.968091518233999
KTDZY0_85.0,22,24,24.247410265288472
KTDZY0_95.0,25,22,22.01277244716648
KTDZY0_105.0,33,26,20.212691393289095
KUFVRI_8.0,24,14,11.815549773303838
KUFVRI_9.0,26,39,19.372864592133507
KUFVRI_10.0,45,56,25.414072260153418
KUFVRI_11.0,30,55,31.000366816637925
KUFVRI_12.0,25,40,22.22618781542146
KUFVRI_13.0,20,16,9.952184245129146
KUFVRI_85.0,14,19,8.068879843374674
KUFVRI_95.0,35,33,17.766134840094164
KUFVRI_105.0,45,40,30.003397882235436
KZ5VR3_7.0,0,1,0.10691774961365752
KZ5VR3_8.0,1,3,3.401633009421456
KZ5VR3_9.0,2,4,1.8387285273685432
KZ5VR3_10.0,5,0,3.3178166854872937
KZ5VR3_11.0,2,3,0.42470914327714926
KZ5VR3_12.0,3,2,0.8755210741217434
KZ5VR3_13.0,1,0,1.8407831976104143
KZ5VR3_14.0,0,1,1.6296890124848256
KZ5VR3_75.0,1,0,2.597206796268928
KZ5VR3_85.0,2,0,2.554256606830077
KZ5VR3_95.0,3,3,1.8967956709750156
KZ5VR3_105.0,3,1,3.4964140977737808
LXJQVG_5.0,1,3,2.2759049383647416
LXJQVG_6.0,1,4,8.68471844206605
LXJQVG_7.0,5,8,10.21139521169382
LXJQVG_8.0,0,5,8.756644593126985
LXJQVG_9.0,9,53,15.864233585690968
LXJQVG_10.0,43,71,25.22454908085331
LXJQVG_11.0,38,36,20.247366651708322
LXJQVG_12.0,18,17,6.522419170735318
LXJQVG_13.0,11,8,9.628590583240609
LXJQVG_14.0,3,4,3.540699046206668
LXJQVG_15.0,2,0,0.0
LXJQVG_16.0,2,0,0.0
LXJQVG_65.0,2,3,4.468585821765776
LXJQVG_75.0,3,4,8.97050699251605
LXJQVG_85.0,6,0,7.215761008106897
LXJQVG_95.0,20,40,6.948752619231293
LXJQVG_105.0,17,32,9.547753383921236
M67GNC_4.0,0,0,0.4251781355284008
M67GNC_5.0,0,1,0.28811159398566666
M67GNC_6.0,0,0,1.798244065747618
M67GNC_7.0,1,2,2.267740887072266
M67GNC_8.0,2,0,5.883640276487094
M67GNC_9.0,7,4,8.541687426712064
M67GNC_10.0,4,3,7.47453537145199
M67GNC_11.0,1,3,8.77059999585145
M67GNC_12.0,2,0,2.4810861494442475
M67GNC_13.0,2,0,1.749129451588721
M67GNC_14.0,0,1,1.5419205713149582
M67GNC_75.0,0,1,2.4765670563376414
M67GNC_85.0,1,2,5.459002629797247
M67GNC_95.0,3,3,5.109927947226683
M67GNC_105.0,2,3,5.125240880016482
M67GNC_115.0,1,1,0.0
M67GNC_125.0,1,1,1.2022080741640564
M8W7TS_6.0,1,1,0.0
M8W7TS_7.0,1,1,1.2868927737714788
M8W7TS_8.0,0,0,0.8269946604562257
M8W7TS_9.0,1,3,1.0693856920273337
M8W7TS_10.0,0,0,2.003324780340328
M8W7TS_11.0,4,0,1.251581518613214
M8W7TS_12.0,2,1,0.9356170925366092
M8W7TS_13.0,1,1,0.0
M8W7TS_75.0,0,1,2.4080766051841973
M8W7TS_85.0,1,2,0.9044944747610959
M8W7TS_95.0,2,2,0.9668343545311009
M8W7TS_105.0,1,3,2.155874453437865
M8W7TS_115.0,0,0,2.8214607403137224
MLV9BR_6.0,0,0,0.0
MLV9BR_7.0,0,0,0.0977892462864709
MLV9BR_8.0,0,0,1.1137184317956415
MLV9BR_9.0,0,0,1.1173472712074908
MLV9BR_10.0,1,1,1.1923769314395627
MLV9BR_11.0,1,0,1.124604950031189
MLV9BR_12.0,1,0,1.1631509217782172
MLV9BR_13.0,0,0,1.1318626288548872
MLV9BR_55.0,1,0,3.0054420168087463
MLV9BR_65.0,0,0,1.9781437167399538
MLV9BR_75.0,0,0,0.3445503262922145
MLV9BR_85.0,0,0,1.3931390665080277
MLV9BR_95.0,3,0,1.4643445929616985
MLV9BR_105.0,1,0,1.465715854745011
MLV9BR_115.0,0,0,0.48970390276618136
N6JU7C_4.0,0,0,0.0
N6JU7C_5.0,0,0,3.025078389776701
N6JU7C_6.0,1,1,1.522016883177907
N6JU7C_7.0,2,7,5.033068866628296
N6JU7C_8.0,1,7,5.214926870984099
N6JU7C_9.0,2,5,3.942912016571748
N6JU7C_10.0,1,5,3.1475318659829
N6JU7C_11.0,0,0,2.2685151789346985
N6JU7C_65.0,0,1,12.3646477159092
N6JU7C_75.0,3,4,2.6858413632749514
N6JU7C_85.0,4,3,2.700395956940332
N6JU7C_95.0,1,4,2.9253751994428847
NISP6K_5.0,0,0,0.0
NISP6K_6.0,0,0,0.0
NISP6K_7.0,0,0,16.369541519957817
NISP6K_8.0,0,0,12.243341031755008
NISP6K_9.0,0,0,3.575565729557667
NISP6K_10.0,0,0,2.074636154380174
NISP6K_11.0,0,0,0.16727662598097925
NISP6K_12.0,1,1,6.909452552954317
NISP6K_13.0,0,0,7.381626217949164
NISP6K_75.0,0,0,5.433033054574572
NISP6K_85.0,0,0,5.855497341639221
NISP6K_95.0,0,0,5.843271903474911
NISP6K_105.0,0,0,0.0886879431165033
NJVZEL_5.0,0,4,2.5327627385279627
NJVZEL_6.0,1,5,4.220350045648367
NJVZEL_7.0,0,7,5.79109139529114
NJVZEL_8.0,3,3,4.782061154768538
NJVZEL_9.0,3,10,8.514675928982271
NJVZEL_10.0,7,8,7.963510061700539
NJVZEL_11.0,8,7,7.863564157080013
NJVZEL_12.0,5,15,11.558542943579976
NJVZEL_13.0,0,1,3.6025388415927955
NJVZEL_14.0,0,0,2.03309259237158
NJVZEL_15.0,0,1,1.7495495574851962
NJVZEL_75.0,1,1,2.6805455774939286
NJVZEL_85.0,3,6,5.096282807631654
NJVZEL_95.0,6,10,9.449722713362878
NJVZEL_105.0,2,9,8.079447267716638
NM6C73_7.0,1,1,6.538524707049444
NM6C73_8.0,3,1,4.966406988169517
NM6C73_9.0,4,8,10.718793785265763
NM6C73_10.0,4,3,6.3263939808552365
NM6C73_11.0,4,6,6.184581851944454
NM6C73_12.0,15,7,20.446889317869143
NM6C73_13.0,3,2,3.7677264529450474
NM6C73_14.0,1,1,0.7923577559483883
NM6C73_75.0,1,1,1.7203854017623463
NM6C73_85.0,1,2,5.583619903651139
NM6C73_95.0,2,4,7.671857974871944
NM6C73_105.0,3,5,6.436838483678158
O7AXAK_5.0,0,0,2.252399193401994
O7AXAK_7.0,0,0,1.112378031313888
O7AXAK_8.0,2,0,2.6805092469736227
O7AXAK_9.0,4,1,1.755797082637189
O7AXAK_10.0,10,1,1.5711408667229398
O7AXAK_11.0,8,0,2.262826144215587
O7AXAK_12.0,8,2,1.9915017755224982
O7AXAK_13.0,5,0,1.391586772440669
O7AXAK_14.0,2,0,1.9641053813437859
O7AXAK_15.0,0,0,0.9670576962710031
O7AXAK_16.0,2,0,0.0
O7AXAK_65.0,0,0,2.1455872817406387
O7AXAK_75.0,1,0,1.8975976778442138
O7AXAK_85.0,4,0,1.7180848068954035
O7AXAK_95.0,7,2,2.397042116677277
O7AXAK_105.0,4,2,2.8492544027822104
O7TSVL_4.0,1,0,1.0302608646336862
O7TSVL_5.0,0,2,0.5954861103679399
O7TSVL_6.0,1,4,3.07955268453483
O7TSVL_7.0,3,5,4.193990370889173
O7TSVL_8.0,2,4,3.4319069117661254
O7TSVL_9.0,3,4,2.050722968253714
O7TSVL_10.0,3,2,5.492607117249689
O7TSVL_11.0,0,1,2.97745895187743
O7TSVL_65.0,0,2,1.9672309936442574
O7TSVL_75.0,1,3,3.672388056783655
O7TSVL_85.0,1,3,3.84668978556439
O7TSVL_95.0,2,2,4.137290650022232
O9YFO8_4.0,0,0,1.1790400088005826
O9YFO8_5.0,1,0,4.1281793341453294
O9YFO8_6.0,3,2,4.029133763951112
O9YFO8_7.0,6,1,5.878837250733444
O9YFO8_8.0,9,6,7.990044227862029
O9YFO8_9.0,8,13,10.76607371996694
O9YFO8_10.0,7,10,8.793853845852873
O9YFO8_11.0,5,6,7.561827301317468
O9YFO8_12.0,9,7,5.8433125686256835
O9YFO8_13.0,0,4,3.651846251882854
O9YFO8_14.0,1,2,0.0
O9YFO8_55.0,3,1,1.607253080612249
O9YFO8_65.0,0,0,2.728687331032635
O9YFO8_75.0,3,5,4.594103807294026
O9YFO8_85.0,4,6,8.38569811298517
O9YFO8_95.0,7,8,8.53233424308683
O9YFO8_105.0,6,10,9.688600095870768
O9YFO8_115.0,0,2,3.012759671930243
ODZZLY_12.0,0,0,0.8670632446378663
PC1PMV_5.0,0,0,0.7063739270576317
PC1PMV_6.0,0,0,0.710002766469481
PC1PMV_7.0,0,0,2.110340041558427
PC1PMV_8.0,0,0,1.2040713426405691
PC1PMV_9.0,0,0,2.1532865020506815
PC1PMV_10.0,0,0,1.2080047712561295
PC1PMV_11.0,0,0,2.1248553992058237
PC1PMV_12.0,0,0,2.1284842386176726
PC1PMV_13.0,0,0,2.132113078029522
PC1PMV_14.0,0,0,2.135741917441371
PC1PMV_75.0,0,0,2.3571011215641704
PC1PMV_85.0,0,0,2.3933895156826623
PC1PMV_95.0,0,0,2.429677909801154
PC1PMV_105.0,0,0,2.4659663039196458
PP9DNA_5.0,0,0,0.8954911647709434
PP9DNA_6.0,0,0,1.3470983368604466
PP9DNA_7.0,1,0,1.391661209570838
PP9DNA_8.0,0,0,1.7260916725584377
PP9DNA_9.0,0,5,3.60643922156585
PP9DNA_10.0,0,4,3.430020277615519
PP9DNA_11.0,2,1,3.3808589162985854
PP9DNA_12.0,2,3,2.667096601743082
PP9DNA_13.0,1,11,1.0367600935468468
PP9DNA_14.0,0,0,1.9380876953181518
PP9DNA_15.0,0,0,1.8005635492178418
PP9DNA_16.0,0,0,0.0
PP9DNA_65.0,0,0,0.9956146720405172
PP9DNA_75.0,0,3,1.6116132985058567
PP9DNA_85.0,0,1,2.5675064086569734
PP9DNA_95.0,1,3,3.1319867047246785
PP9DNA_105.0,3,4,2.410852192521001
PY5UPB_220.0,0,0,0.0
PY5UPB_225.0,0,0,3.6029759250272675
PY5UPB_230.0,0,0,4.291735458825834
PY5UPB_235.0,0,0,6.387551126706516
PY5UPB_240.0,0,0,4.705782302184587
PY5UPB_245.0,0,0,5.441667552800331
PY5UPB_250.0,0,0,7.0841730815927
PY5UPB_255.0,0,0,6.951213898955839
PY5UPB_260.0,0,0,15.128940599604729
PY5UPB_265.0,0,0,15.864825850220473
PY5UPB_270.0,0,0,10.745455137612163
PY5UPB_275.0,0,0,6.306049633636328
PY5UPB_280.0,0,0,4.246522359874135
PY5UPB_285.0,0,0,5.8890278886665035
PY5UPB_290.0,0,0,0.0
PZUF7K_5.0,0,0,0.0
PZUF7K_8.0,0,0,1.766301352635736
PZUF7K_9.0,0,2,0.8380786432368659
PZUF7K_10.0,0,1,0.2091891057001387
PZUF7K_11.0,1,1,0.0
PZUF7K_12.0,0,0,0.0
PZUF7K_13.0,0,1,0.0
PZUF7K_14.0,1,0,0.0
PZUF7K_75.0,0,0,0.0
PZUF7K_85.0,0,1,0.0
PZUF7K_95.0,0,1,1.3344601669901732
PZUF7K_105.0,0,1,1.7341450404866903
PZUF7K_115.0,0,0,0.0
Q164T6_7.0,2,1,3.0701832819621515
Q164T6_8.0,2,5,2.809162504920206
Q164T6_9.0,1,6,4.721597034223215
Q164T6_10.0,1,0,2.4635299175218015
Q164T6_11.0,3,3,2.810870581065387
Q164T6_12.0,6,2,2.8558377850739225
Q164T6_13.0,2,1,0.42740102045925443
Q164T6_14.0,1,0,0.6685140395258982
Q164T6_75.0,0,0,0.013954398700192883
Q164T6_85.0,4,1,3.6860351612116404
Q164T6_95.0,1,2,3.955421956798845
Q164T6_105.0,0,1,3.07312799919067
Q50W5L_5.0,1,1,1.0158806381197252
Q50W5L_6.0,2,5,2.4515640988954144
Q50W5L_7.0,10,4,2.6787411317967678
Q50W5L_8.0,20,2,2.9352220234077038
Q50W5L_9.0,28,1,6.748114797488753
Q50W5L_10.0,27,1,7.384551920848274
Q50W5L_11.0,26,3,6.391618833453052
Q50W5L_12.0,23,24,3.4363325679093566
Q50W5L_13.0,11,2,4.064671639349021
Q50W5L_14.0,6,5,2.2016572910271384
Q50W5L_15.0,0,1,0.0
Q50W5L_16.0,0,1,0.0
Q50W5L_65.0,0,2,0.0
Q50W5L_75.0,3,2,1.7172296512003982
Q50W5L_85.0,14,1,3.854197889822489
Q50W5L_95.0,23,0,7.635741071800247
Q50W5L_105.0,25,25,5.105094210417049
QM2UH1_7.0,0,0,0.0
QM2UH1_9.0,1,0,0.0
QM2UH1_11.0,1,1,0.0
QM2UH1_13.0,0,1,0.05098172193757744
QM2UH1_14.0,0,0,0.0
QM2UH1_75.0,0,0,0.0
QM2UH1_85.0,0,1,1.3893725383793218
QOMHJ2_85.0,0,0,0.0
QOMHJ2_95.0,0,0,0.8182070277455091
QOMHJ2_115.0,0,0,2.0938025404618203
QOMHJ2_125.0,0,0,0.0
QP56BU_5.0,0,0,2.382274506972213
QP56BU_7.0,0,0,0.0
QP56BU_8.0,0,0,0.7326196647955214
QP56BU_9.0,0,0,1.449392101583074
QP56BU_10.0,0,0,1.3785753504406926
QP56BU_11.0,2,1,1.1150661287205472
QP56BU_12.0,1,0,1.5262427729042232
QP56BU_13.0,0,0,0.6248506526965523
QP56BU_14.0,0,0,0.0
QP56BU_15.0,0,0,0.0
QP56BU_65.0,0,0,2.732498993816609
QP56BU_75.0,0,0,0.0
QP56BU_85.0,0,0,0.9669843127244064
QP56BU_95.0,1,0,1.75602255475868
QP56BU_105.0,4,0,1.771241370909956
QTMT7N_4.0,1,0,1.340882002976214
QTMT7N_5.0,1,0,2.133088495088208
QTMT7N_6.0,1,1,2.198235924585392
QTMT7N_7.0,2,4,4.887018705536645
QTMT7N_8.0,6,4,7.258633802591303
QTMT7N_9.0,3,3,1.984248007365366
QTMT7N_10.0,8,0,2.393353421101071
QTMT7N_11.0,0,1,0.0
QTMT7N_65.0,3,2,2.9743647019207256
QTMT7N_75.0,3,4,1.9020569105221767
QTMT7N_85.0,7,5,4.589259137192226
QTMT7N_95.0,2,2,0.0
QVFB0Q_5.0,1,0,2.2137820076913344
QVFB0Q_6.0,0,6,3.9137572907094906
QVFB0Q_7.0,2,2,3.0470301291004187
QVFB0Q_8.0,4,7,6.815499073723856
QVFB0Q_9.0,8,8,9.932301743996888
QVFB0Q_10.0,13,8,8.109488804495626
QVFB0Q_11.0,7,9,7.425116143580148
QVFB0Q_12.0,7,8,7.487497823898955
QVFB0Q_13.0,1,4,3.664892764629001
QVFB0Q_14.0,1,3,0.0
QVFB0Q_15.0,0,0,0.0
QVFB0Q_75.0,1,3,2.9923013037799233
QVFB0Q_85.0,3,3,5.376497163534717
QVFB0Q_95.0,6,5,9.911698829978885
QVFB0Q_105.0,8,4,6.848156567664197
QXS5D1_5.0,0,0,0.0
QXS5D1_6.0,0,2,1.1594390528238283
QXS5D1_7.0,1,0,2.8907002775226758
QXS5D1_8.0,4,1,1.2706145985925925
QXS5D1_9.0,4,1,0.03815096877978874
QXS5D1_10.0,1,0,3.1746631319188126
QXS5D1_55.0,0,0,0.6417877844078763
QXS5D1_65.0,5,2,0.0
QXS5D1_75.0,0,3,0.0
QXS5D1_85.0,0,0,0.7952024114668568
QXS5D1_95.0,2,2,0.0
QXS5D1_105.0,0,1,0.2579103571977557
QXS5D1_115.0,0,0,1.0175006330102372
RAUDQ6_5.0,0,1,1.7540243526433508
RAUDQ6_6.0,0,1,2.7066226682182077
RAUDQ6_7.0,3,6,5.332276722543952
RAUDQ6_8.0,2,8,6.153647933061631
RAUDQ6_9.0,16,10,8.088650521982014
RAUDQ6_10.0,17,17,15.45980739242317
RAUDQ6_11.0,18,11,11.772189524870381
RAUDQ6_12.0,11,12,7.644412525010387
RAUDQ6_13.0,4,7,5.944155597930769
RAUDQ6_14.0,0,4,3.299340137934183
RAUDQ6_15.0,0,0,0.9864310570148911
RAUDQ6_75.0,2,0,2.4372612435756853
RAUDQ6_85.0,3,6,7.647900294715521
RAUDQ6_95.0,16,18,11.930466190562992
RAUDQ6_105.0,15,15,10.19664141092625
RBKNR4_5.0,0,0,0.002655466806290363
RBKNR4_8.0,1,0,2.437323376074019
RBKNR4_9.0,1,2,0.0
RBKNR4_10.0,1,1,1.46559323549296
RBKNR4_11.0,2,1,0.6167580411437763
RBKNR4_13.0,0,1,0.0
RBKNR4_85.0,1,0,1.4138301985722728
RBKNR4_95.0,1,0,0.0
RN2DSQ_8.0,0,0,0.0
RN2DSQ_12.0,0,0,0.0
RN2DSQ_105.0,0,0,0.0
RUUOCB_5.0,0,0,0.0
RUUOCB_6.0,2,0,0.46230591782989094
RUUOCB_7.0,2,1,2.031883783344867
RUUOCB_8.0,1,2,2.219599565692276
RUUOCB_9.0,4,1,3.096424237560882
RUUOCB_10.0,1,1,2.8017452548323436
RUUOCB_11.0,2,2,2.847085238597383
RUUOCB_12.0,3,2,2.1426806331188937
RUUOCB_13.0,5,0,1.0707742292573679
RUUOCB_14.0,0,0,0.0
RUUOCB_15.0,1,1,0.0
RUUOCB_16.0,0,1,0.14990448958954072
RUUOCB_65.0,1,0,0.0
RUUOCB_75.0,0,1,1.9118930473015059
RUUOCB_85.0,0,3,6.945239550773222
RUUOCB_95.0,3,0,2.8008306694603307
RUUOCB_105.0,8,0,1.8272218551492676
S90CD9_5.0,0,2,0.0
S90CD9_6.0,0,0,0.0
S90CD9_7.0,1,2,1.7682906931750306
S90CD9_8.0,0,1,3.791837853640928
S90CD9_9.0,0,5,3.277014427250002
S90CD9_10.0,0,7,3.613449219833978
S90CD9_11.0,0,4,2.633262046668809
S90CD9_12.0,0,3,2.967253828619533
S90CD9_13.0,0,0,2.560765425306612
S90CD9_14.0,0,0,0.0
S90CD9_16.0,0,0,0.0
S90CD9_65.0,1,0,0.0
S90CD9_75.0,1,1,1.9320895358377754
S90CD9_85.0,0,1,3.5059166489674163
S90CD9_95.0,0,2,3.0870974264653666
S90CD9_105.0,0,4,2.69681982800886
SMMRK3_5.0,3,2,1.6891788022445113
SMMRK3_6.0,4,7,4.806105042480255
SMMRK3_7.0,10,18,14.524957387202686
SMMRK3_8.0,36,25,26.003830306832246
SMMRK3_9.0,68,73,41.73781481257858
SMMRK3_10.0,90,89,46.93268472781287
SMMRK3_11.0,78,74,46.78408865048983
SMMRK3_12.0,67,56,44.41361714049545
SMMRK3_13.0,38,27,28.068429648921914
SMMRK3_14.0,2,2,4.710850398291533
SMMRK3_15.0,3,2,4.0989593447480095
SMMRK3_75.0,5,8,11.250788879364691
SMMRK3_85.0,29,62,30.45362004066696
SMMRK3_95.0,58,115,59.44952427743079
SMMRK3_105.0,62,75,40.943933256953976
SSQFQA_5.0,0,0,0.0
SSQFQA_6.0,0,0,0.0
SSQFQA_7.0,0,0,0.0
SSQFQA_8.0,3,3,1.6201822513578286
SSQFQA_9.0,7,5,3.7020338820827874
SSQFQA_10.0,4,6,3.217497494681723
SSQFQA_11.0,4,7,3.7808112201779487
SSQFQA_12.0,3,3,2.5691128732149275
SSQFQA_13.0,2,0,0.8467596714365859
SSQFQA_55.0,0,0,0.0
SSQFQA_65.0,0,0,0.0
SSQFQA_75.0,0,0,3.100278582595383
SSQFQA_85.0,4,2,1.7884351776540712
SSQFQA_95.0,5,2,3.2368037442760955
SSQFQA_105.0,2,3,4.428070395578557
SVJZKL_7.0,0,0,0.0
SVJZKL_9.0,0,0,0.0
SVJZKL_10.0,0,0,0.0
SVJZKL_12.0,0,0,0.0
SVJZKL_13.0,0,0,1.4903832909287038
SWN7AU_7.0,1,0,1.9322998183200184
SWN7AU_8.0,2,3,3.1009671537074492
SWN7AU_9.0,4,3,3.3412284150137115
SWN7AU_10.0,4,2,4.002921670694294
SWN7AU_11.0,5,3,3.4145874884726246
SWN7AU_12.0,0,3,1.782752624803087
SWN7AU_13.0,1,2,1.9265357466541895
SWN7AU_75.0,0,0,1.4372804557801135
SWN7AU_85.0,1,0,3.64321690798144
SWN7AU_95.0,3,4,4.101287978104407
SWN7AU_105.0,3,2,4.737102414372296
SY1DDY_7.0,0,0,0.0
SY1DDY_8.0,0,0,0.0
SY1DDY_9.0,0,0,1.5634916544752535
SY1DDY_10.0,4,0,1.3345387376836313
SY1DDY_11.0,0,0,1.570480799383279
SY1DDY_12.0,2,0,0.0
SY1DDY_13.0,0,0,0.0
SY1DDY_14.0,0,0,0.0
SY1DDY_15.0,0,0,0.0
SY1DDY_16.0,0,0,0.0
SY1DDY_75.0,0,1,0.0
SY1DDY_85.0,0,0,1.05136827339077
SY1DDY_95.0,2,0,1.7332896153098543
SY1DDY_105.0,0,0,1.8483544665260103
T3NVTG_5.0,1,0,1.3733925953361017
T3NVTG_6.0,0,0,1.0577131835663
T3NVTG_7.0,0,0,1.7174528805663591
T3NVTG_8.0,1,3,2.243062168117371
T3NVTG_9.0,4,1,2.3240608580939384
T3NVTG_10.0,2,0,2.575058656018269
T3NVTG_11.0,2,2,3.455881679669266
T3NVTG_12.0,2,1,1.4025078655896257
T3NVTG_13.0,0,0,0.0
T3NVTG_14.0,0,0,0.0
T3NVTG_65.0,0,0,1.316253476002709
T3NVTG_75.0,0,1,2.516907976966955
T3NVTG_85.0,4,1,2.4004370646734228
T3NVTG_95.0,1,1,3.0480441688135618
T3NVTG_105.0,5,7,4.361353958220222
T3NVTG_115.0,0,0,1.7029323583212976
T3NVTG_125.0,0,0,0.7493253679327667
TAHFOD_6.0,0,2,2.1072036237147658
TAHFOD_8.0,1,2,1.52664431992444
TAHFOD_9.0,2,0,2.692377609070993
TAHFOD_10.0,0,1,1.7281663259116296
TAHFOD_11.0,1,1,1.4523414716269811
TAHFOD_12.0,0,0,0.0
TAHFOD_13.0,0,0,1.355662373835238
TAHFOD_65.0,0,1,0.0
TAHFOD_85.0,1,3,0.4127251840214061
TAHFOD_95.0,1,1,2.519275355119302
TAHFOD_105.0,1,0,1.7859249282088117
TB6WIP_4.0,1,0,0.3620381791357099
TB6WIP_5.0,0,0,2.2121984660245926
TB6WIP_6.0,0,0,2.591050120981031
TB6WIP_7.0,1,2,2.2820551858018945
TB6WIP_8.0,5,5,3.1028737356222216
TB6WIP_9.0,1,6,5.391232344519295
TB6WIP_10.0,4,7,6.697196284920491
TB6WIP_11.0,8,15,7.007014697230897
TB6WIP_12.0,4,2,4.430180740156167
TB6WIP_13.0,2,2,2.9744867652427844
TB6WIP_14.0,0,1,0.0
TB6WIP_55.0,0,0,0.0
TB6WIP_65.0,0,0,0.0
TB6WIP_75.0,2,0,0.7986900157012773
TB6WIP_85.0,1,2,3.1317371459691508
TB6WIP_95.0,4,7,6.285067147985906
TB6WIP_105.0,7,3,4.290687519404183
TB6WIP_115.0,0,0,2.0036024035188733
TBCCF7_5.0,0,0,0.9945442580460977
TBCCF7_6.0,5,3,3.6364005676123345
TBCCF7_7.0,5,6,4.265850283850739
TBCCF7_8.0,4,12,9.902564375818201
TBCCF7_9.0,23,6,10.23215083084898
TBCCF7_10.0,16,13,13.641561235992143
TBCCF7_11.0,10,19,14.821035406545061
TBCCF7_12.0,13,17,15.008028270748394
TBCCF7_13.0,3,6,6.393772293827808
TBCCF7_14.0,0,0,1.5962615752855358
TBCCF7_15.0,0,0,0.9578623847471581
TBCCF7_75.0,1,3,3.5051422527154017
TBCCF7_85.0,4,6,7.721909451291646
TBCCF7_95.0,11,16,11.602739945035477
TBCCF7_105.0,14,16,14.628549703786199
TLFT43_8.0,0,0,0.18052119507728648
TLFT43_9.0,0,0,0.0
TNAHD4_7.0,11,12,7.698692975045937
TNAHD4_8.0,19,21,16.406523741927845
TNAHD4_9.0,29,37,24.348196823583535
TNAHD4_10.0,31,40,25.361905753580213
TNAHD4_11.0,25,30,21.140181610142953
TNAHD4_12.0,18,25,16.911930144548577
TNAHD4_13.0,9,12,9.587125667262352
TNAHD4_75.0,8,6,8.113939016198138
TNAHD4_85.0,20,19,13.604851230693267
TNAHD4_95.0,20,29,18.24790037293968
TNAHD4_105.0,22,31,19.482676207662674
TNZ1OO_6.0,0,0,0.0
TNZ1OO_7.0,0,1,1.4242103293653532
TNZ1OO_8.0,0,0,1.9366117685270368
TNZ1OO_9.0,2,0,1.6898516656073923
TNZ1OO_10.0,1,4,3.8840277984394453
TNZ1OO_11.0,3,1,3.8889701131754975
TNZ1OO_12.0,1,0,2.5975965972489563
TNZ1OO_13.0,2,0,2.5841084258907996
TNZ1OO_75.0,0,0,3.3013518760938236
TNZ1OO_85.0,1,1,1.4222193427938685
TNZ1OO_95.0,0,0,2.396807129655207
TNZ1OO_105.0,1,2,2.3869816748725485
TOENMT_5.0,0,0,0.0
TOENMT_6.0,1,0,0.0
TOENMT_8.0,0,0,0.0
TOENMT_9.0,1,0,0.0
TOENMT_10.0,0,0,0.0
TOENMT_11.0,0,0,0.0
TOENMT_12.0,0,1,0.0
TOENMT_85.0,0,2,0.0
TOENMT_95.0,0,1,0.0
TOENMT_105.0,1,0,0.0
TQBVRI_7.0,0,0,0.0
TQBVRI_8.0,0,0,0.8934111534789562
TQBVRI_9.0,1,0,0.5169355555808046
TQBVRI_10.0,1,0,1.6500649243415526
TQBVRI_11.0,0,0,0.9857436116311513
TQBVRI_12.0,0,1,0.282898632466293
TQBVRI_95.0,0,0,0.0
TQBVRI_105.0,0,0,0.10209226639741242
U8203G_4.0,0,0,0.31023579909901766
U8203G_5.0,0,0,1.413311613762295
U8203G_6.0,0,0,2.005652264094009
U8203G_7.0,0,0,1.5216451862903693
U8203G_8.0,3,5,2.062870144044771
U8203G_9.0,6,2,3.9033803024181903
U8203G_10.0,4,1,3.0530050313637083
U8203G_11.0,5,4,4.277464331271412
U8203G_12.0,2,1,1.7322570166642501
U8203G_13.0,6,0,1.5118264850343026
U8203G_45.0,0,0,0.0
U8203G_55.0,0,0,0.0
U8203G_65.0,0,0,1.524810449460567
U8203G_75.0,0,0,1.9029784261440632
U8203G_85.0,4,1,2.4113192032968347
U8203G_95.0,6,14,8.818225020723554
U8203G_105.0,5,3,2.5786522927932074
U8203G_115.0,1,1,0.0
U95NWB_5.0,1,4,4.9325396117631035
U95NWB_6.0,8,7,6.748712715371875
U95NWB_7.0,3,9,7.522417560049027
U95NWB_8.0,17,10,11.703909487082276
U95NWB_9.0,24,25,19.590375953641146
U95NWB_10.0,20,25,19.035555965484022
U95NWB_11.0,16,25,15.99382168629122
U95NWB_12.0,11,14,23.219757394311003
U95NWB_13.0,7,7,7.707667565371694
U95NWB_14.0,2,0,1.7299351279232296
U95NWB_15.0,0,1,0.8494627457807313
U95NWB_75.0,5,6,6.189284913700115
U95NWB_85.0,13,23,14.956906226579015
U95NWB_95.0,16,26,20.00074731122097
U95NWB_105.0,18,21,15.053737565681633
UCRNWD_8.0,0,0,0.0
UCRNWD_9.0,0,0,0.0
UCRNWD_10.0,0,0,0.5029934384652108
UCRNWD_11.0,1,2,0.7325872027583893
UCRNWD_12.0,0,1,0.3669931465538001
UCRNWD_13.0,0,1,0.11254998280805228
UCRNWD_14.0,0,0,0.0
UCRNWD_65.0,0,1,0.0
UCRNWD_75.0,1,0,1.0987425810982536
UCRNWD_85.0,0,1,0.0
UCRNWD_95.0,1,1,1.0220032123915361
UCRNWD_105.0,0,1,0.0
UCRNWD_115.0,0,0,0.34595846542725095
UCRNWD_125.0,0,1,0.3473747063886128
UDF17E_5.0,0,1,0.0
UDF17E_6.0,0,1,0.0
UDF17E_7.0,1,3,0.0
UDF17E_8.0,1,2,0.0
UDF17E_9.0,4,3,1.5864182417371264
UDF17E_10.0,1,3,1.9585128608766769
UDF17E_65.0,0,1,0.0
UDF17E_75.0,0,2,0.0
UDF17E_85.0,0,2,0.0
UDF17E_95.0,1,2,0.0
UHYJ3A_5.0,4,2,1.9268057019773122
UHYJ3A_6.0,3,2,1.7015062124629705
UHYJ3A_7.0,4,5,3.028941283173612
UHYJ3A_8.0,8,6,5.470101477041581
UHYJ3A_9.0,12,14,9.678424877943886
UHYJ3A_10.0,14,11,8.784255888731504
UHYJ3A_11.0,12,13,9.73239574328299
UHYJ3A_12.0,6,9,5.68999847660104
UHYJ3A_13.0,4,3,14.137674076229391
UHYJ3A_14.0,1,0,0.0
UHYJ3A_55.0,0,1,2.177602855775271
UHYJ3A_65.0,0,2,0.6323360375866134
UHYJ3A_75.0,0,3,2.3368433906219703
UHYJ3A_85.0,10,3,7.43119343097708
UHYJ3A_95.0,19,12,10.276910794342555
UHYJ3A_105.0,10,9,5.924686751060569
ULG3QT_4.0,0,1,0.0
ULG3QT_5.0,0,1,3.141476676499414
ULG3QT_6.0,2,2,0.96393357873988
ULG3QT_7.0,1,4,3.365827211159184
ULG3QT_8.0,9,4,4.205139097109699
ULG3QT_9.0,4,9,2.882786299246
ULG3QT_10.0,1,3,3.8122026211223576
ULG3QT_11.0,0,2,1.2436855546415102
ULG3QT_65.0,1,1,0.7972286706162723
ULG3QT_75.0,11,0,2.2393158718079036
ULG3QT_85.0,4,5,2.563131479865858
ULG3QT_95.0,0,4,2.4001849872285512
UNPPMJ_4.0,0,0,1.8923458228492458
UNPPMJ_5.0,0,5,2.6888016362423
UNPPMJ_6.0,2,2,5.275560110788723
UNPPMJ_7.0,15,3,9.303449156170464
UNPPMJ_8.0,16,20,13.553113903971
UNPPMJ_9.0,13,14,13.101399879523647
UNPPMJ_10.0,2,5,9.0285212396484
UNPPMJ_11.0,0,0,2.081987688950871
UNPPMJ_65.0,2,2,4.202542255639145
UNPPMJ_75.0,2,12,19.163281123137484
UNPPMJ_85.0,7,20,14.507468799952893
UNPPMJ_95.0,1,6,5.436521251515059
UU4A1K_4.0,0,0,0.0
UU4A1K_5.0,0,0,0.0
UU4A1K_7.0,0,0,0.4248465649507711
UU4A1K_8.0,3,0,0.7143783134634205
UU4A1K_9.0,2,2,1.8191488187422227
UU4A1K_10.0,2,0,1.1419908015381046
UU4A1K_11.0,1,1,1.9823440223144568
UU4A1K_12.0,0,0,0.0
UU4A1K_13.0,0,0,0.8855750691993451
UU4A1K_75.0,0,1,0.0
UU4A1K_85.0,0,0,0.971575013387028
UU4A1K_95.0,1,0,1.578258792904402
UU4A1K_105.0,2,2,0.0
V6K6JX_4.0,0,0,1.2571062517531506
V6K6JX_5.0,0,1,1.188077835060723
V6K6JX_6.0,1,0,1.2599595593496749
V6K6JX_7.0,0,1,0.8318880215116486
V6K6JX_8.0,0,3,2.357521245027767
V6K6JX_9.0,4,5,5.414888261928189
V6K6JX_10.0,1,7,7.531906432496568
V6K6JX_11.0,4,7,2.2103558002920614
V6K6JX_12.0,4,8,4.456579351630428
V6K6JX_13.0,2,6,5.450548058560519
V6K6JX_14.0,5,1,1.2589024524109833
V6K6JX_45.0,0,0,0.9446126960108545
V6K6JX_55.0,0,0,0.9809010901293469
V6K6JX_65.0,0,0,1.6137296139894985
V6K6JX_75.0,0,1,0.9906248932755339
V6K6JX_85.0,3,4,1.313937960289835
V6K6JX_95.0,1,7,3.9547452913736216
V6K6JX_105.0,2,7,5.375068585351845
V6K6JX_115.0,2,4,2.48633646771997
V6K6JX_125.0,2,1,1.6412848612242654
V7JUQL_5.0,1,1,1.8046924464361411
V7JUQL_6.0,0,6,6.544220764736895
V7JUQL_7.0,7,8,6.854756937947169
V7JUQL_8.0,14,3,5.898606456195417
V7JUQL_9.0,1,0,8.708489657352747
V7JUQL_10.0,14,2,11.193008382055044
V7JUQL_11.0,7,27,5.801091562497454
V7JUQL_12.0,23,4,9.109002219214478
V7JUQL_13.0,16,6,6.980226781304661
V7JUQL_14.0,0,2,1.8017469448190981
V7JUQL_15.0,0,0,1.1843655966941449
V7JUQL_16.0,0,0,0.0
V7JUQL_65.0,0,1,2.280348575019884
V7JUQL_75.0,9,6,5.208093324056094
V7JUQL_85.0,15,7,9.05155401943525
V7JUQL_95.0,0,2,10.933942339968173
V7JUQL_105.0,1,1,10.903720709607402
VHQ356_5.0,0,1,1.0268178307648093
VHQ356_6.0,1,1,0.0
VHQ356_7.0,2,2,0.44964232311801844
VHQ356_8.0,4,2,1.1582595588812747
VHQ356_9.0,5,2,2.500546425169171
VHQ356_10.0,5,3,2.5147591073157165
VHQ356_11.0,6,2,1.1419329302306092
VHQ356_12.0,2,1,0.9859144378671312
VHQ356_13.0,3,0,1.6137343435242117
VHQ356_14.0,0,0,0.0
VHQ356_85.0,0,0,0.029515478160428543
VHQ356_95.0,0,0,0.06580387227892093
VHQ356_105.0,0,0,0.10209226639741242
VWXLZJ_6.0,0,0,0.0
VWXLZJ_9.0,0,2,0.40204252604504376
VWXLZJ_10.0,0,2,0.3521042881897909
VWXLZJ_11.0,0,0,0.0
VWXLZJ_65.0,0,0,0.2643203242219858
VWXLZJ_85.0,0,2,0.0
VWXLZJ_105.0,1,0,1.720799356447002
W25EZN_7.0,5,7,6.723265929761606
W25EZN_8.0,18,15,14.127945991872075
W25EZN_9.0,28,37,23.179339300048497
W25EZN_10.0,21,27,25.527364884121308
W25EZN_11.0,23,29,24.131760352994498
W25EZN_12.0,21,18,18.996364352432945
W25EZN_13.0,12,11,7.722294726038068
W25EZN_14.0,2,1,1.3436793027154694
W25EZN_75.0,5,3,5.2332541311537994
W25EZN_85.0,20,18,14.047171480149775
W25EZN_95.0,30,29,19.52644018227805
W25EZN_105.0,23,21,17.21455814355113
W518XY_5.0,0,0,1.178053571434591
W518XY_7.0,0,0,0.0
W518XY_8.0,0,1,3.1821726467858262
W518XY_9.0,0,0,1.2321392540218632
W518XY_10.0,1,0,0.0
W518XY_11.0,1,0,0.908246291257325
W518XY_12.0,1,1,1.262749825548389
W518XY_13.0,0,1,0.9009610874047622
W518XY_14.0,0,0,0.0
W518XY_85.0,0,0,1.4606945130921916
W518XY_95.0,1,0,0.8732081129304019
W518XY_105.0,0,0,0.9438284146176672
W518XY_115.0,0,1,0.0
WGHG3L_7.0,4,9,7.575752961091126
WGHG3L_8.0,10,9,11.485023687555305
WGHG3L_9.0,25,16,14.606191654169855
WGHG3L_10.0,23,20,16.228049168731737
WGHG3L_11.0,22,30,25.2780265914851
WGHG3L_12.0,15,13,16.15479534509612
WGHG3L_13.0,10,8,11.384447063696737
WGHG3L_14.0,2,3,1.551683652487223
WGHG3L_75.0,6,2,4.394395943723719
WGHG3L_85.0,8,9,7.1220036475633055
WGHG3L_95.0,22,19,14.748817257204198
WGHG3L_105.0,27,21,18.6669019674637
WH1BJI_5.0,0,1,1.2898124711141006
WH1BJI_6.0,1,5,3.3550537706520207
WH1BJI_7.0,0,10,6.994597287926851
WH1BJI_8.0,4,8,7.039222381911678
WH1BJI_9.0,12,15,9.083188780569571
WH1BJI_10.0,14,16,11.980197227473752
WH1BJI_11.0,14,20,13.2296612175663
WH1BJI_12.0,8,12,10.339136999767678
WH1BJI_13.0,3,5,6.606401941362399
WH1BJI_14.0,0,4,4.368376732757301
WH1BJI_15.0,0,1,2.1184409038899408
WH1BJI_75.0,2,2,1.7494494984007485
WH1BJI_85.0,1,8,6.198441284639893
WH1BJI_95.0,8,10,9.41805668086063
WH1BJI_105.0,13,13,12.896437206091225
WRRW1W_4.0,2,1,4.442932461600045
WRRW1W_5.0,4,4,7.081716800570188
WRRW1W_6.0,12,5,10.037422240612393
WRRW1W_7.0,20,13,13.500324026873862
WRRW1W_8.0,47,43,27.508697450119545
WRRW1W_9.0,62,66,42.106161068144864
WRRW1W_10.0,60,65,45.0369812280277
WRRW1W_11.0,53,50,36.391446347293325
WRRW1W_12.0,39,43,32.428321665958535
WRRW1W_13.0,23,21,17.05543854825432
WRRW1W_14.0,5,12,7.551751090823273
WRRW1W_55.0,4,5,5.746314621042142
WRRW1W_65.0,10,11,8.333512764156543
WRRW1W_75.0,18,19,19.094134437594192
WRRW1W_85.0,51,38,27.99829662011003
WRRW1W_95.0,47,53,31.834746848573715
WRRW1W_105.0,39,61,30.2714517674249
WRRW1W_115.0,8,13,8.056377073360316
X0HH8Y_8.0,0,0,1.151758883495507
X0HH8Y_9.0,0,0,1.0630536602504126
X0HH8Y_10.0,0,0,1.195306840308017
X0HH8Y_11.0,0,0,1.14621842581951
X0HH8Y_12.0,0,0,1.2025645191317151
X0HH8Y_75.0,0,0,1.3641084168078876
X0HH8Y_85.0,1,0,1.467469796196705
X0HH8Y_95.0,0,0,1.375133849669441
X0HH8Y_105.0,0,0,1.5236196085221438
X0HH8Y_115.0,0,0,1.5236177246518237
X31OGS_4.0,0,0,0.0
X31OGS_5.0,1,0,0.0
X31OGS_6.0,0,1,0.391372936302373
X31OGS_7.0,1,0,1.0485716957263271
X31OGS_8.0,2,4,3.4273458045494554
X31OGS_9.0,3,4,4.262815986124254
X31OGS_10.0,3,1,2.7707735503771853
X31OGS_11.0,0,4,3.796331177828845
X31OGS_12.0,1,1,1.4871117839864025
X31OGS_13.0,0,0,0.46672889399072215
X31OGS_14.0,1,0,0.2301268566923076
X31OGS_55.0,0,0,0.0
X31OGS_75.0,1,0,2.1494476848758346
X31OGS_85.0,2,3,2.7806493813308326
X31OGS_95.0,2,7,4.915042252224665
X31OGS_105.0,1,3,2.9795048462029987
X31OGS_115.0,1,0,0.5770001799739637
XFQ9CP_4.0,0,0,2.493658278051273
XFQ9CP_5.0,0,0,2.8304479935297686
XFQ9CP_7.0,0,0,2.5712841299378333
XFQ9CP_75.0,0,0,4.235276464802785
XFQ9CP_95.0,0,0,2.8906219981805603
XLTRGL_7.0,0,0,3.277923867136174
XLTRGL_8.0,0,0,0.5052969028823231
XLTRGL_9.0,2,0,1.2927260085373078
XLTRGL_10.0,2,1,1.5890390608527976
XLTRGL_11.0,0,0,1.6197020577166152
XLTRGL_12.0,1,0,2.147232735189994
XLTRGL_13.0,1,1,0.0
XLTRGL_14.0,0,0,0.569857264265603
XLTRGL_75.0,0,0,0.0
XLTRGL_85.0,0,0,0.0
XLTRGL_95.0,1,0,2.361660855220294
XLTRGL_105.0,1,0,2.0002691155284333
XPZSZ1_6.0,0,0,0.6692629370778942
XPZSZ1_7.0,0,0,1.689326692356282
XPZSZ1_8.0,1,0,1.5384206995511853
XPZSZ1_9.0,0,0,1.6937358961506241
XPZSZ1_10.0,0,0,1.8055096980099061
XPZSZ1_11.0,1,0,1.009850012807294
XPZSZ1_12.0,1,0,2.719204104502043
XPZSZ1_13.0,0,0,0.0
XPZSZ1_14.0,0,0,0.0
XPZSZ1_55.0,0,1,0.0
XPZSZ1_65.0,0,0,1.404401079303657
XPZSZ1_75.0,0,0,1.4406894734221485
XPZSZ1_85.0,3,1,4.999278886481612
XPZSZ1_95.0,1,1,2.113477243603127
XPZSZ1_105.0,0,0,1.206718257385412
XPZSZ1_115.0,1,1,1.0127999854704202
XPZSZ1_125.0,1,0,0.0
XSFSKX_75.0,0,0,0.3445503262922145
XSFSKX_105.0,0,0,0.0
XSFSKX_115.0,0,0,0.0
XUZJ74_5.0,0,1,1.185061074108559
XUZJ74_6.0,0,2,1.720501274309243
XUZJ74_7.0,7,15,6.315918217941956
XUZJ74_8.0,13,12,13.007087625176862
XUZJ74_9.0,34,33,26.612498772508125
XUZJ74_10.0,35,35,33.40291439981384
XUZJ74_11.0,32,33,36.56751940780814
XUZJ74_12.0,28,31,25.56842954310122
XUZJ74_13.0,12,14,12.783206378722852
XUZJ74_14.0,2,2,2.3335583056079345
XUZJ74_15.0,0,1,0.0
XUZJ74_75.0,3,6,5.911738696397681
XUZJ74_85.0,17,12,14.031617754309583
XUZJ74_95.0,29,39,30.58085914455819
XUZJ74_105.0,37,34,25.53715745318327
Y813MQ_4.0,0,1,0.038722839203995996
Y813MQ_5.0,0,1,2.047107542138353
Y813MQ_6.0,3,2,2.835022044446426
Y813MQ_7.0,4,7,4.170836981064712
Y813MQ_8.0,7,14,5.581848940035988
Y813MQ_9.0,6,16,5.199979475802776
Y813MQ_10.0,5,7,4.464320088717168
Y813MQ_11.0,2,4,0.0
Y813MQ_65.0,1,3,4.912690415314401
Y813MQ_75.0,6,6,6.465808075453589
Y813MQ_85.0,6,10,5.708752699999575
Y813MQ_95.0,2,7,3.2350774780404863
YE890X_5.0,0,0,0.0
YE890X_6.0,0,0,0.15645014518450928
YE890X_7.0,0,1,1.6751279623846997
YE890X_8.0,1,3,2.3600678655379426
YE890X_9.0,7,3,2.930989912431068
YE890X_10.0,8,4,6.357127107977135
YE890X_11.0,7,10,0.8273565727775418
YE890X_12.0,11,0,1.9939055195613955
YE890X_13.0,3,0,1.7181973002917976
YE890X_15.0,0,0,0.7053519249082045
YE890X_16.0,0,0,0.8999824603315192
YE890X_75.0,1,1,0.4339975807005292
YE890X_85.0,6,0,1.4592499059531776
YE890X_95.0,7,1,1.6664618389831518
YE890X_105.0,4,9,4.685087734699233
YF0X2Z_7.0,0,0,0.0
YF0X2Z_8.0,0,0,0.0
YF0X2Z_10.0,0,0,0.0
YF0X2Z_11.0,0,0,0.0
YF0X2Z_12.0,0,0,0.0
YF0X2Z_13.0,0,0,0.0
YF0X2Z_14.0,0,0,0.0
YF0X2Z_15.0,0,0,2.5068899726484024
YF0X2Z_75.0,0,0,0.0
YF0X2Z_85.0,0,0,0.0
YF0X2Z_95.0,0,0,0.0
YF0X2Z_105.0,0,0,0.0
YKQY4X_4.0,0,0,1.6809310710331222
YKQY4X_5.0,0,0,1.8868884343565857
YKQY4X_6.0,1,0,1.8592555783533524
YKQY4X_7.0,0,1,2.166744681870309
YKQY4X_8.0,3,0,1.5123202753148064
YKQY4X_9.0,6,2,1.671341251863117
YKQY4X_10.0,0,0,2.302983511373078
YKQY4X_11.0,1,0,2.013720830482057
YKQY4X_12.0,1,2,6.765446516946011
YKQY4X_13.0,1,0,1.736704158681511
YKQY4X_55.0,0,0,0.0
YKQY4X_65.0,1,0,2.4350627443213853
YKQY4X_75.0,0,0,1.4384511204760848
YKQY4X_85.0,1,1,1.2084961272762311
YKQY4X_95.0,2,1,1.6604151327759333
YKQY4X_105.0,1,0,1.6775229071733575
YKQY4X_115.0,0,0,1.4382062847055197
YKQY4X_125.0,0,1,0.0
YMN5EM_5.0,0,0,1.6319207272823069
YMN5EM_6.0,0,0,1.6355495666941562
YMN5EM_7.0,0,0,1.639178406106005
YMN5EM_8.0,0,0,1.262534668463136
YMN5EM_9.0,0,0,1.2154908177474653
YMN5EM_10.0,0,0,1.1690021483696778
YMN5EM_11.0,0,0,1.6550398073914798
YMN5EM_12.0,0,0,1.39270396227207
YMN5EM_13.0,0,0,1.247060695325641
YN8OHN_6.0,0,0,0.0
YN8OHN_7.0,0,0,0.0
YN8OHN_8.0,0,0,0.0
YN8OHN_9.0,0,0,0.0
YN8OHN_10.0,0,0,0.0
YN8OHN_11.0,0,0,0.0
YN8OHN_12.0,0,0,0.0
YN8OHN_13.0,0,0,0.0
YN8OHN_75.0,0,0,0.0
YN8OHN_85.0,0,0,0.0
YN8OHN_95.0,0,0,0.0
YN8OHN_105.0,0,0,0.0
YN8OHN_115.0,0,0,0.0
YN8OHN_125.0,0,0,0.0
YRRNGL_10.0,0,0,0.0647341565702817
Z26SRT_6.0,0,0,0.6692629370778942
Z26SRT_8.0,0,1,0.657316365977465
Z26SRT_9.0,0,0,1.076328221106417
Z26SRT_10.0,0,0,0.20561295964280468
Z26SRT_11.0,0,0,0.8619349476382974
Z26SRT_12.0,0,0,1.936133199070345
Z26SRT_13.0,0,0,1.0908435787538133
Z26SRT_75.0,1,2,0.0
Z26SRT_85.0,0,1,0.0
Z8KPP8_5.0,0,2,3.4969718402923164
Z8KPP8_6.0,4,0,3.282453605499475
Z8KPP8_7.0,8,7,5.92908750810051
Z8KPP8_8.0,14,6,6.9298831432815415
Z8KPP8_9.0,7,44,14.275522177940523
Z8KPP8_10.0,19,55,11.778591691408247
Z8KPP8_11.0,4,35,6.748312435724481
Z8KPP8_12.0,18,11,12.1094830415133
Z8KPP8_13.0,2,6,6.985893666710308
Z8KPP8_14.0,0,1,2.108649064438974
Z8KPP8_15.0,0,1,2.2250836766174893
Z8KPP8_16.0,0,0,1.6604162690247173
Z8KPP8_65.0,1,2,1.08182997577563
Z8KPP8_75.0,4,4,6.391686074599155
Z8KPP8_85.0,2,5,6.803709114321112
Z8KPP8_95.0,6,15,30.052941920775584
Z8KPP8_105.0,18,22,14.856174014085113
ZGYCSW_5.0,1,0,1.3166768086379617
ZGYCSW_6.0,2,0,1.423976888879436
ZGYCSW_7.0,4,2,2.9981479873481636
ZGYCSW_8.0,4,3,4.717480377688307
ZGYCSW_9.0,4,6,9.079886283178027
ZGYCSW_10.0,8,10,8.777059428013061
ZGYCSW_11.0,9,1,6.660048282056955
ZGYCSW_12.0,3,3,7.472106263806789
ZGYCSW_13.0,1,3,3.4367167346897807
ZGYCSW_14.0,0,0,2.358567878669313
ZGYCSW_15.0,1,1,1.8537524275317634
ZGYCSW_16.0,0,0,0.0
ZGYCSW_65.0,0,2,2.624558407685482
ZGYCSW_75.0,2,0,3.6206247450906446
ZGYCSW_85.0,5,2,4.886890992006071
ZGYCSW_95.0,10,6,5.901993026236273
ZGYCSW_105.0,7,5,8.268798375177653
ZRCYSH_5.0,1,4,4.842851677120443
ZRCYSH_6.0,2,3,6.790322191982053
ZRCYSH_7.0,6,5,8.39235619432711
ZRCYSH_8.0,14,7,11.602034570814958
ZRCYSH_9.0,21,15,17.115627163271647
ZRCYSH_10.0,22,13,19.584128915945506
ZRCYSH_11.0,62,3,13.19576438705893
ZRCYSH_12.0,37,8,18.963527697011447
ZRCYSH_13.0,16,17,17.085852536536123
ZRCYSH_14.0,6,6,4.16586887505835
ZRCYSH_15.0,2,4,2.786782926770592
ZRCYSH_75.0,3,5,4.46018289334134
ZRCYSH_85.0,9,8,11.562805726503944
ZRCYSH_95.0,15,16,16.88995626230058
ZRCYSH_105.0,26,23,19.482860584286964
ZVUW6Z_4.0,0,0,0.0
ZVUW6Z_6.0,0,1,0.0
ZVUW6Z_7.0,0,0,0.6255859765305267
ZVUW6Z_8.0,1,1,0.0
ZVUW6Z_9.0,0,0,0.0
ZVUW6Z_11.0,0,0,2.1832728002053083
ZVUW6Z_12.0,0,0,1.2163642305719398
ZVUW6Z_65.0,1,0,0.22038583151724112
ZVUW6Z_75.0,0,0,0.0
ZVUW6Z_85.0,1,0,0.029515478160428543
ZVUW6Z_95.0,0,1,0.0
ZVUW6Z_105.0,0,0,1.3513340373107399
ZX6MUV_7.0,0,0,0.738032662794204
ZX6MUV_8.0,1,1,1.800002096814998
ZX6MUV_9.0,2,1,2.1520267985555037
ZX6MUV_10.0,1,1,1.8462196551991563
ZX6MUV_11.0,2,2,1.5915422121253946
ZX6MUV_12.0,0,1,1.5887353032243778
ZX6MUV_75.0,0,0,1.363825084663766
ZX6MUV_85.0,0,2,0.7020387205270353
ZX6MUV_95.0,0,1,1.9754292727310259
ZX6MUV_105.0,0,0,1.2741927295375257
